playerid;playerfullname;playerusename;positionabbrev;position;primarypositionabbrev
114944;Wilbur Good;Wilbur;RF;Outfielder;RF
118079;Robert Machado;Robert;C;Catcher;C
118984;Lennie Merullo;Lennie;SS;Shortstop;SS
115445;Ollie Hanson;Ollie;P;Pitcher;P
643565;Mike Tauchman;Mike;RF;Outfielder;RF
502239;Trevor Cahill;Trevor;P;Pitcher;P
124050;Butch Weis;Butch;OF;Outfield;OF
123061;Steve Swisher;Steve;C;Catcher;C
114288;Dee Fondy;Dee;1B;First Base;1B
114726;Doc Gessler;Doc;CF;Outfielder;RF
641561;Johneshwy Fargas;Johneshwy;NULL;NULL;CF
116191;Tyler Houston;Tyler;C;Catcher;3B
573185;Dan Straily;Dan;P;Pitcher;P
120025;Jack O'Neill;Jack;C;Catcher;C
538227;Hisanori Takahashi;Hisanori;P;Pitcher;P
124761;Bob Zick;Bob;P;Pitcher;P
111937;Ron Campbell;Ron;2B;Second Base;2B
122643;Tuck Stainback;Tuck;RF;Outfielder;OF
113645;Shawon Dunston;Shawon;SS;Shortstop;SS
113332;Mike Diaz;Mike;C;Catcher;1B
110129;Manny Aleander;Manny;NULL;NULL;SS
120663;Elmer Ponder;Elmer;P;Pitcher;P
120218;Mark Parent;Mark;C;Catcher;C
116087;Charlie Hollocher;Charlie;SS;Shortstop;SS
117158;Johnny Kling;Johnny;C;Catcher;C
117863;Kenny Lofton;Kenny;CF;Outfielder;CF
122024;Tommy Sewell;Tommy;PH;Pinch Hitter;PH
119741;Joel Newkirk;Joel;P;Pitcher;P
123305;Scot Thompson;Scot;RF;Outfielder;RF
120502;Art Phelan;Art;3B;Third Base;3B
150273;Calvin Murray;Calvin;CF;Outfielder;CF
118228;Hal Manders;Hal;P;Pitcher;P
448802;Jaime Garcia;Jaime;P;Pitcher;P
113390;Alec Distaso;Alec;P;Pitcher;P
112083;Hugh Casey;Hugh;P;Pitcher;P
119028;Ralph Michaels;Ralph;SS;Shortstop;3B
676369;Nelson VelĂˇzquez;Nelson;CF;Outfielder;RF
500721;Yoervis Medina;Yoervis;P;Pitcher;P
119514;Bob Muncrief;Bob;P;Pitcher;P
121165;Lance Richbourg;Lance;RF;Outfielder;RF
119832;Wayne Nordhagen;Wayne;NULL;NULL;RF
115283;Stan Hack;Stan;3B;Third Base;3B
115162;Burleigh Grimes;Burleigh;P;Pitcher;P
116743;Claude Jonnard;Claude;P;Pitcher;P
114844;Doug Glanville;Doug;NULL;NULL;CF
121831;Freddy Schmidt;Freddy;P;Pitcher;P
592178;Kris Bryant;Kris;3B;Third Base;RF
123353;Joe Tinker;Joe;SS;Shortstop;SS
123101;Bennie Tate;Bennie;C;Catcher;C
114767;Norm Gigon;Norm;NULL;NULL;2B
114935;Luis Gonzalez;Luis;LF;Outfielder;LF
571466;Tucker Barnhart;Tucker;C;Catcher;C
457435;Phil Coke;Phil;P;Pitcher;P
116795;Billy Jurges;Billy;SS;Shortstop;SS
115825;Jose Hernandez;JosĂ©;3B;Third Base;SS
117677;Bob Lennon;Bob;NULL;NULL;RF
116951;Joe Kelly;Joe;LF;Outfielder;LF
117853;Bob Locker;Bob;P;Pitcher;P
116333;Herb Hunter;Herb;2B;Second Base;3B
120297;Bob Patterson;Bob;P;Pitcher;P
595465;Dan Winkler;Dan;P;Pitcher;P
121517;Luther Roy;Luther;P;Pitcher;P
123950;Rabbit Warstler;Rabbit;SS;Shortstop;SS
114511;Phil Gagliano;Phil;2B;Second Base;2B
134268;Kerry Wood;Kerry;P;Pitcher;P
115266;Jose Guzman;Jose;P;Pitcher;P
122655;Pete Standridge;Pete;P;Pitcher;P
117044;Brooks Kieschnick;Brooks;LF;Outfielder;P
430957;Brad Snyder;Brad;NULL;NULL;1B
120756;Tot Pressnell;Tot;P;Pitcher;P
113658;Leon Durham;Leon;RF;Outfielder;1B
640449;Clint Frazier;Clint;NULL;NULL;RF
112386;Doug Clemens;Doug;RF;Outfielder;RF
111935;Mike Campbell;Mike;P;Pitcher;P
114944;Wilbur Good;Wilbur;LF;Outfielder;RF
132640;Kennie Steenstra;Kennie;P;Pitcher;P
117111;Jim Kirby;Jim;PH;Pinch Hitter;PH
118483;Ed Mayer;Ed;P;Pitcher;P
124330;Otto Williams;Otto;SS;Shortstop;SS
112113;Frank Castillo;Frank;P;Pitcher;P
123412;Hector Torres;Hector;SS;Shortstop;SS
118785;Jim McKnight;Jim;NULL;NULL;3B
120741;Johnny Pramesa;Johnny;C;Catcher;C
117418;Steve Lake;Steve;C;Catcher;C
114961;Tom Goodwin;Tom;NULL;NULL;CF
621458;Edwin RĂ­os;Edwin;DH;Designated Hitter;1B
123795;Eddie Waitkus;Eddie;1B;First Base;1B
572750;Eddie Butler;Eddie;P;Pitcher;P
114020;Doc Farrell;Doc;SS;Shortstop;SS
116156;Rogers Hornsby;Rogers;2B;Second Base;2B
120037;Steve Ontiveros;Steve;3B;Third Base;3B
117074;Chick King;Chick;CF;Outfielder;CF
112465;Dave Cole;Dave;P;Pitcher;P
460131;Brian Bogusevic;Brian;LF;Outfielder;RF
279913;Corey Patterson;Corey;CF;Outfielder;CF
150032;Roosevelt Brown;Roosevelt;NULL;NULL;LF
114075;Frank Ferdez;Frank;C;Catcher;C
122643;Tuck Stainback;Tuck;LF;Outfielder;OF
120584;Horacio Pina;Horacio;P;Pitcher;P
112592;Chuck Connors;Chuck;1B;First Base;1B
123394;Fred Toney;Fred;P;Pitcher;P
117764;Gene Lillard;Gene;P;Pitcher;P
627500;Jen-Ho Tseng;Jen-Ho;P;Pitcher;P
525768;Tim Collins;Tim;P;Pitcher;P
122260;Duke Simpson;Duke;P;Pitcher;P
113022;Tom Daly;Tom;C;Catcher;C
123815;Chico Walker;Chico;3B;Third Base;OF
425900;Dioner Navarro;Dioner;C;Catcher;C
111428;William Bren;William;P;Pitcher;P
112724;Henry Cotto;Henry;LF;Outfielder;CF
119355;Keith Moreland;Keith;LF;Outfielder;RF
117393;Ralph LaCock;Ralph;1B;First Base;1B
113291;Delino DeShields;Delino;2B;Second Base;2B
113754;Hank Edwards;Hank;RF;Outfielder;RF
115247;Dave Gumpert;Dave;P;Pitcher;P
116832;John Kane;John;CF;Outfielder;CF
110253;Bob Anderson;Bob;P;Pitcher;P
120313;Dave Pavlas;Dave;P;Pitcher;P
111981;Jose Cardenal;Jose;RF;Outfielder;CF
113582;Monk Dubiel;Monk;P;Pitcher;P
114254;Jesse Flores;Jesse;P;Pitcher;P
114525;Augie Galan;Augie;LF;Outfielder;LF
113751;Bruce Edwards;Bruce;C;Catcher;C
123677;Hippo Vaughn;Hippo;P;Pitcher;P
115647;Bill Hayes;Bill;C;Catcher;C
124025;Mitch Webster;Mitch;CF;Outfielder;CF
110121;Vic Aldridge;Vic;P;Pitcher;P
133225;Ryan Dempster;Ryan;P;Pitcher;P
124238;Charlie Wiedemeyer;Charlie;P;Pitcher;P
116279;Jim Hughes;Jim;P;Pitcher;P
116426;Darrin Jackson;Darrin;NULL;NULL;CF
472528;Luis Valbuena;Luis;3B;Third Base;3B
111701;Lew Burdette;Lew;P;Pitcher;P
444844;Jake Fo;Jake;RF;Outfielder;LF
124636;Marvell Wynne;Marvell;NULL;NULL;CF
123089;Chuck Tanner;Chuck;NULL;NULL;LF
120624;Dan Plesac;Dan;P;Pitcher;P
110130;Matt Aleander;Matt;3B;Third Base;CF
120119;Billy Ott;Billy;RF;Outfielder;RF
124009;Orlie Weaver;Orlie;P;Pitcher;P
120671;Paul Popovich;Paul;2B;Second Base;2B
118388;Randy Martz;Randy;P;Pitcher;P
429901;Sergio Mitre;Sergio;P;Pitcher;P
123868;Tye Waller;Tye;3B;Third Base;3B
124253;Milt Wilco;Milt;P;Pitcher;P
124266;Curtis Wilkerson;Curtis;NULL;NULL;SS
669713;Hayden Wesneski;Hayden;P;Pitcher;P
114634;Cecil Garriott;Cecil;PH;Pinch Hitter;PH
114223;John Flavin;John;P;Pitcher;P
119376;Bobby Morgan;Bobby;NULL;NULL;2B
118237;Garth Mann;Garth;PR;Pinch Runner;PR
285068;Cody Ransom;Cody;3B;Third Base;SS
118129;Sal Madrid;Sal;SS;Shortstop;SS
672744;Aleander Canario;Aleander;LF;Outfielder;LF
113855;Woody English;Woody;SS;Shortstop;SS
120134;Dave Owen;Dave;SS;Shortstop;SS
110533;Ernie Banks;Ernie;SS;Shortstop;1B
118297;Gonzalo Marquez;Gonzalo;NULL;NULL;1B
117902;Bill Long;Bill;P;Pitcher;P
116673;Clarence Jones;Clarence;RF;Outfielder;RF
489295;Brian Schlitter;Brian;P;Pitcher;P
110041;Jimmy Adair;Jimmy;SS;Shortstop;SS
113160;Charlie Deal;Charlie;3B;Third Base;3B
122338;Roy Smalley;Roy;SS;Shortstop;SS
425861;Shawn Camp;Shawn;P;Pitcher;P
114005;Carmen Fanzone;Carmen;LF;Outfielder;3B
113118;Jody Davis;Jody;C;Catcher;C
119333;Jerry Morales;Jerry;LF;Outfielder;RF
113511;Dave Dowling;Dave;P;Pitcher;P
119774;Bill Nicholson;Bill;RF;Outfielder;RF
445926;Jesse Chavez;Jesse;P;Pitcher;P
114032;Jeff Fassero;Jeff;P;Pitcher;P
121129;Karl Rhodes;Karl;CF;Outfielder;CF
111464;Buttons Briggs;Buttons;P;Pitcher;P
123432;Jim Tracy;Jim;NULL;NULL;LF
119306;Johnny Moore;Johnny;CF;Outfielder;RF
111245;Hank Borowy;Hank;P;Pitcher;P
111533;Brant Brown;Brant;LF;Outfielder;LF
112230;Larry Cheney;Larry;P;Pitcher;P
113696;Arnold Earley;Arnold;P;Pitcher;P
120487;Jesse Petty;Jesse;P;Pitcher;P
121342;Andre Rodgers;Andre;1B;First Base;SS
113012;Dom Dallessandro;Dom;LF;Outfielder;LF
119986;Gene Oliver;Gene;NULL;NULL;C
116974;Jason Kendall;Jason;C;Catcher;C
121975;Herman Segelke;Herman;P;Pitcher;P
118576;Lloyd McClendon;Lloyd;LF;Outfielder;LF
110100;Jack Aker;Jack;P;Pitcher;P
111416;Hal Breeden;Hal;NULL;NULL;1B
123538;Earl Tyree;Earl;C;Catcher;C
111506;Herman Bronkie;Herman;3B;Third Base;3B
676051;Codi Heuer;Codi;P;Pitcher;P
118418;Nelson Mathews;Nelson;RF;Outfielder;CF
110702;Frank Baumann;Frank;P;Pitcher;P
124468;Kettle Wirts;Kettle;C;Catcher;C
119862;Rube Novotney;Rube;C;Catcher;C
607352;Joe Biagini;Joe;P;Pitcher;P
120816;John Pyecha;John;P;Pitcher;P
124435;Willie Wilson;Willie;CF;Outfielder;OF
110021;Ted Abernathy;Ted;P;Pitcher;P
115949;Frank Hiller;Frank;P;Pitcher;P
122269;Elmer Singleton;Elmer;P;Pitcher;P
518748;Justin Grimm;Justin;P;Pitcher;P
119845;Bill North;Bill;CF;Outfielder;CF
122311;Cy Slapnicka;Cy;P;Pitcher;P
113751;Bruce Edwards;Bruce;NULL;NULL;C
116576;Davey Johnson;Davey;3B;Third Base;2B
123656;Andy Varga;Andy;P;Pitcher;P
572033;Josh Phegley;Josh;NULL;NULL;C
121878;Art Schult;Art;NULL;NULL;1B
124176;Jerry White;Jerry;CF;Outfielder;CF
121342;Andre Rodgers;Andre;SS;Shortstop;SS
110281;Tom Angley;Tom;C;Catcher;C
114623;Mike Garman;Mike;P;Pitcher;P
110134;Antonio Alfonseca;Antonio;P;Pitcher;P
110028;Johnny Abrego;Johnny;P;Pitcher;P
681432;Luke Little;Luke;P;Pitcher;P
122008;Bill Serena;Bill;2B;Second Base;3B
116942;George Kelly;George;1B;First Base;1B
120974;Frank Reberger;Frank;P;Pitcher;P
118307;William Marriott;William;LF;Outfielder;3B
543089;Taylor Davis;Taylor;NULL;NULL;C
408039;So Taguchi;So;LF;Outfielder;LF
114907;Walt Golvin;Walt;1B;First Base;1B
121665;Ryne Sandberg;Ryne;3B;Third Base;2B
115682;Cliff Heathcote;Cliff;RF;Outfielder;RF
115255;Larry Gura;Larry;P;Pitcher;P
124562;Jim Woods;Jim;NULL;NULL;3B
113926;Uel Eubanks;Uel;P;Pitcher;P
123108;RamĂłn Tatis;RamĂłn;P;Pitcher;P
113365;Steve Dillard;Steve;3B;Third Base;2B
115896;Jim Hickman;Jim;1B;First Base;RF
120530;Taylor Phillips;Taylor;P;Pitcher;P
113855;Woody English;Woody;3B;Third Base;SS
119015;Russ Meyer;Russ;P;Pitcher;P
110617;Bob Barrett;Bob;3B;Third Base;3B
113358;Mike DiFelice;Mike;C;Catcher;C
124412;Hack Wilson;Hack;LF;Outfielder;OF
118433;Gary Matthews;Gary;LF;Outfielder;LF
117514;Don Larsen;Don;P;Pitcher;P
115978;Gene Hiser;Gene;LF;Outfielder;LF
116015;Billy Hoeft;Billy;P;Pitcher;P
114412;George Freese;George;NULL;NULL;3B
667297;Tommy ce;Tommy;P;Pitcher;P
114431;Bernie Friberg;Bernie;RF;Outfielder;3B
118326;Doc Marshall;Doc;C;Catcher;C
112460;Jim Colborn;Jim;P;Pitcher;P
121965;Frank Secory;Frank;LF;Outfielder;LF
115132;Ben Grieve;Ben;NULL;NULL;RF
111501;Ernie Broglio;Ernie;P;Pitcher;P
119380;Moe Morhardt;Moe;1B;First Base;1B
118619;Clyde McCullough;Clyde;C;Catcher;C
118220;Billy Maloney;Billy;RF;Outfielder;CF
110127;Grover Aleander;Grover;P;Pitcher;P
123350;Ozzie Timmons;Ozzie;LF;Outfielder;LF
112594;Bill Connors;Bill;P;Pitcher;P
115560;Chuck Hartenstein;Chuck;P;Pitcher;P
132880;Daryle Ward;Daryle;NULL;NULL;1B
114924;Ale Gonzalez;Ale;SS;Shortstop;SS
118715;Lynn McGlothen;Lynn;P;Pitcher;P
115896;Jim Hickman;Jim;RF;Outfielder;RF
123252;Lee Thomas;Lee;RF;Outfielder;OF
451085;Brian Matusz;Brian;P;Pitcher;P
424325;David Ross;David;C;Catcher;C
116284;Roy Hughes;Roy;SS;Shortstop;2B
117469;Walt Lanfranconi;Walt;P;Pitcher;P
124754;Rollie Zeider;Rollie;3B;Third Base;2B
123901;Jerome Walton;Jerome;LF;Outfielder;OF
110536;Willie Banks;Willie;P;Pitcher;P
113744;Jim Edmonds;Jim;CF;Outfielder;CF
123354;Bud Tinning;Bud;P;Pitcher;P
121288;Dave Robertson;Dave;LF;Outfielder;RF
122752;Riggs Stephenson;Riggs;LF;Outfielder;OF
407793;John Lackey;John;P;Pitcher;P
110991;Larry Biittner;Larry;1B;First Base;1B
124639;Hank Wyse;Hank;P;Pitcher;P
134002;Ramon Martinez;Ramon;2B;Second Base;SS
124085;Don Wengert;Don;P;Pitcher;P
123130;Danny Taylor;Danny;RF;Outfielder;OF
111065;Sheriff Blake;Sheriff;P;Pitcher;P
113091;Bill Davidson;Bill;LF;Outfielder;CF
150289;Carlos Pena;Carlos;1B;First Base;1B
124261;Hoyt Wilhelm;Hoyt;P;Pitcher;P
115210;Mark Grudzielanek;Mark;2B;Second Base;2B
457706;Austin Jackson;Austin;RF;Outfielder;CF
546991;Albert Almora Jr.;Albert;CF;Outfielder;OF
444468;Hector Rondon;HĂ©ctor;P;Pitcher;P
124151;Pete Whiset;Pete;CF;Outfielder;OF
111999;Te Carleton;Te;P;Pitcher;P
502182;Steve Clevenger;Steve;C;Catcher;C
124545;Brad Woodall;Brad;P;Pitcher;P
115687;Mike Hechinger;Mike;C;Catcher;C
111449;Charlie Brewster;Charlie;SS;Shortstop;SS
116573;Cliff Johnson;Cliff;1B;First Base;DH
119874;Rich Nye;Rich;P;Pitcher;P
122011;Scott Servais;Scott;C;Catcher;C
349193;Will Ohman;Will;P;Pitcher;P
117672;Dave Lemonds;Dave;P;Pitcher;P
120330;George Pierce;George;P;Pitcher;P
124140;Rip Wheeler;Rip;P;Pitcher;P
114239;Scott Fletcher;Scott;SS;Shortstop;SS
605361;Nick Martini;Nick;NULL;NULL;RF
111937;Ron Campbell;Ron;NULL;NULL;2B
118811;Cal McLish;Cal;P;Pitcher;P
120551;Jeff Pico;Jeff;P;Pitcher;P
115770;George Hennessey;George;P;Pitcher;P
115026;Peaches Graham;Peaches;C;Catcher;C
123432;Jim Tracy;Jim;LF;Outfielder;LF
113886;Frank Ernaga;Frank;NULL;NULL;RF
111052;Rick Bladt;Rick;CF;Outfielder;CF
120947;Bob Raudman;Bob;RF;Outfielder;OF
117062;Newt Kimball;Newt;P;Pitcher;P
112019;Bill Carney;Bill;RF;Outfielder;RF
122095;Al Shealy;Al;P;Pitcher;P
676265;Cory Abbott;Cory;P;Pitcher;P
425848;Rich Harden;Rich;P;Pitcher;P
657145;Mark Zagunis;Mark;RF;Outfielder;RF
117912;Davey Lopes;Davey;NULL;NULL;2B
112149;Art Ceccarelli;Art;P;Pitcher;P
502517;Daniel Murphy;Daniel;2B;Second Base;2B
124694;Don Young;Don;CF;Outfielder;OF
111459;Al Bridwell;Al;SS;Shortstop;SS
400113;Les Walrond;Les;P;Pitcher;P
602080;Erick Castillo;Erick;C;Catcher;C
118871;Brian McRae;Brian;CF;Outfielder;CF
115536;Vic Harris;Vic;2B;Second Base;2B
643271;Narciso Crook;Narciso;RF;Outfielder;OF
117835;Mickey Livingston;Mickey;C;Catcher;C
118512;Ike McAuley;Ike;SS;Shortstop;SS
121101;Archie Reynolds;Archie;P;Pitcher;P
119818;Paul Noce;Paul;2B;Second Base;2B
136303;Jose Nieves;Jose;3B;Third Base;SS
114875;Al Glossop;Al;2B;Second Base;2B
123815;Chico Walker;Chico;LF;Outfielder;OF
112866;Jeff Cross;Jeff;SS;Shortstop;SS
502261;Cole Gillespie;Cole;RF;Outfielder;LF
115459;Jason Hardtke;Jason;NULL;NULL;2B
501227;Alberto Cabrera;Alberto;P;Pitcher;P
445933;Bryan LaHair;Bryan;RF;Outfielder;1B
124379;Art Wilson;Art;C;Catcher;C
640464;Kohl Stewart;Kohl;P;Pitcher;P
446653;Jose Lobaton;Jose;C;Catcher;C
111931;Joe Campbell;Joe;RF;Outfielder;RF
123829;Roy Walker;Roy;P;Pitcher;P
116682;Doug Jones;Doug;P;Pitcher;P
110489;Tom Baker;Tom;P;Pitcher;P
113829;Don Elston;Don;P;Pitcher;P
117393;Ralph LaCock;Ralph;RF;Outfielder;1B
641355;Cody Bellinger;Cody;CF;Outfielder;CF
118401;Mike Mason;Mike;P;Pitcher;P
124050;Butch Weis;Butch;LF;Outfielder;OF
120899;Bob Ramazzotti;Bob;3B;Third Base;2B
657006;Justin Steele;Justin;P;Pitcher;P
502706;Derek Holland;Derek;P;Pitcher;P
115344;Jimmie Hall;Jimmie;NULL;NULL;CF
124608;Mel Wright;Mel;P;Pitcher;P
115489;Jack Harper;Jack;P;Pitcher;P
118956;Rudy Meoli;Rudy;NULL;NULL;SS
117141;Chuck Klein;Chuck;RF;Outfielder;RF
429985;Chad Gaudin;Chad;P;Pitcher;P
112517;Phil Collins;Phil;P;Pitcher;P
547973;Aroldis Chapman;Aroldis;P;Pitcher;P
123140;Harry Taylor;Harry;1B;First Base;1B
425557;Jeff Baker;Jeff;3B;Third Base;2B
121914;Rudy Schwenck;Rudy;P;Pitcher;P
116315;Randy Hundley;Randy;C;Catcher;C
111517;Jim Bros;Jim;P;Pitcher;P
453284;Blake Parker;Blake;P;Pitcher;P
453362;Chris Valaika;Chris;1B;First Base;2B
116131;Burt Hooton;Burt;P;Pitcher;P
121870;Al Schroll;Al;P;Pitcher;P
116077;Ed Holley;Ed;P;Pitcher;P
110047;Sparky Adams;Sparky;2B;Second Base;2B
115793;Bill Henry;Bill;P;Pitcher;P
110709;Frank Baumholtz;Frank;LF;Outfielder;RF
117947;Jay Loviglio;Jay;NULL;NULL;2B
622110;Matt Duffy;Matt;3B;Third Base;3B
116438;Randy Jackson;Randy;3B;Third Base;3B
116048;Brad Hogg;Brad;P;Pitcher;P
687863;Porter Hodge;Porter;P;Pitcher;P
624585;Jorge Soler;Jorge;RF;Outfielder;RF
621219;Alec Mills;Alec;P;Pitcher;P
111132;John Boccabella;John;1B;First Base;C
469159;Henry Alberto Rodriguez;Henry Alberto;P;Pitcher;P
453954;Kevin Hart;Kevin;P;Pitcher;P
111684;Jim Bullinger;Jim;P;Pitcher;P
111263;John Bottarini;John;C;Catcher;C
118551;Jack McCarthy;Jack;CF;Outfielder;LF
119469;Jamie Moyer;Jamie;P;Pitcher;P
111597;Jumbo Brown;Jumbo;P;Pitcher;P
121060;Mike Remlinger;Mike;P;Pitcher;P
111131;Randy Bobb;Randy;C;Catcher;C
547939;Chang-Yong Lim;Chang-Yong;P;Pitcher;P
121630;Luis Salazar;Luis;3B;Third Base;3B
114427;Lonny Frey;Lonny;SS;Shortstop;2B
120747;Todd Pratt;Todd;C;Catcher;C
119064;Damian Miller;Damian;C;Catcher;C
116958;Bob Kelly;Bob;P;Pitcher;P
116863;Tony Kaufmann;Tony;P;Pitcher;P
446381;Darwin Barney;Darwin;2B;Second Base;2B
120507;Babe Phelps;Babe;C;Catcher;C
116636;Bill Johnson;Bill;P;Pitcher;P
115276;Eddie Haas;Eddie;NULL;NULL;LF
116643;Jimmy Johnston;Jimmy;CF;Outfielder;3B
122565;Bob Speake;Bob;1B;First Base;OF
111106;Cy Block;Cy;3B;Third Base;3B
117175;Joe Kmak;Joe;C;Catcher;C
123748;Bill Voiselle;Bill;P;Pitcher;P
124623;Rick Wrona;Rick;C;Catcher;C
448694;Randy Wells;Randy;P;Pitcher;P
115602;Billy Hatcher;Billy;CF;Outfielder;LF
518886;Craig Kimbrel;Craig;P;Pitcher;P
340393;Ross Gload;Ross;NULL;NULL;1B
111278;Pat Bourque;Pat;1B;First Base;1B
275936;Julio Zuleta;Julio;1B;First Base;1B
121501;Wade Rowdon;Wade;3B;Third Base;3B
117324;Rube Kroh;Rube;P;Pitcher;P
116038;Solly Hofman;Solly;SS;Shortstop;CF
116482;Rick James;Rick;P;Pitcher;P
121102;Carl Reynolds;Carl;CF;Outfielder;RF
115760;Claude Hendri;Claude;P;Pitcher;P
111742;Jeromy Burnitz;Jeromy;RF;Outfielder;RF
150133;Daniel Garibay;Daniel;P;Pitcher;P
123494;Michael Tucker;Michael;CF;Outfielder;RF
114290;Ray Fontenot;Ray;P;Pitcher;P
117689;Dutch Leonard;Dutch;P;Pitcher;P
116284;Roy Hughes;Roy;3B;Third Base;2B
118109;Len Madden;Len;P;Pitcher;P
114525;Augie Galan;Augie;CF;Outfielder;LF
115416;Fred Haney;Fred;3B;Third Base;3B
117005;Marty Keough;Marty;NULL;NULL;CF
117959;Bobby Lowe;Bobby;2B;Second Base;2B
113652;Kid Durbin;Kid;CF;Outfielder;CF
121368;Roberto Rodriguez;Roberto;P;Pitcher;P
488846;Brian Duensing;Brian;P;Pitcher;P
118730;Fred McGriff;Fred;1B;First Base;1B
118089;Ray Mack;Ray;2B;Second Base;2B
605170;Victor Caratini;Victor;DH;Designated Hitter;C
600968;Randy Rosario;Randy;P;Pitcher;P
111026;Hi Bithorn;Hi;P;Pitcher;P
120770;Don Prince;Don;P;Pitcher;P
670156;Miles Mastrobuoni;Miles;3B;Third Base;SS
113135;Ron Davis;Ron;P;Pitcher;P
623508;Trent Giambrone;Trent;2B;Second Base;2B
493159;Tsuyoshi Wada;Tsuyoshi;P;Pitcher;P
114833;Joe Girardi;Joe;C;Catcher;C
120811;Ed Putman;Ed;3B;Third Base;C
114688;Dave Geisel;Dave;P;Pitcher;P
123469;Coaker Triplett;Coaker;LF;Outfielder;OF
115602;Billy Hatcher;Billy;LF;Outfielder;LF
119681;Tom Needham;Tom;C;Catcher;C
110891;Jason Bere;Jason;P;Pitcher;P
114969;Mike Gordon;Mike;C;Catcher;C
112712;Jim Cosman;Jim;P;Pitcher;P
119860;Lou Novikoff;Lou;LF;Outfielder;LF
643393;Tony Kemp;Tony;NULL;NULL;2B
110683;Miguel Batista;Miguel;P;Pitcher;P
122416;Dwight Smith;Dwight;LF;Outfielder;LF
121946;Rodney Scott;Rodney;3B;Third Base;2B
118540;Dutch McCall;Dutch;P;Pitcher;P
120134;Dave Owen;Dave;3B;Third Base;SS
120947;Bob Raudman;Bob;LF;Outfielder;OF
110608;Cuno Barragan;Cuno;C;Catcher;C
118335;Speed Martin;Speed;P;Pitcher;P
444444;Mitch Atkins;Mitch;P;Pitcher;P
110355;Ken Aspromonte;Ken;NULL;NULL;2B
113720;Vallie Eaves;Vallie;P;Pitcher;P
120000;Barney Olsen;Barney;CF;Outfielder;CF
592206;Nick Castellanos;Nick;RF;Outfielder;RF
121536;John Rudolph;John;RF;Outfielder;RF
434633;John Baker;John;C;Catcher;C
116219;Cal Howe;Cal;P;Pitcher;P
117748;Carlos Lezcano;Carlos;RF;Outfielder;CF
115384;Steve Hamilton;Steve;P;Pitcher;P
119482;Bill Mueller;Bill;3B;Third Base;3B
119530;Joe Munson;Joe;RF;Outfielder;RF
407778;David Kelton;David;NULL;NULL;LF
461791;Carlos Marmol;Carlos;P;Pitcher;P
118149;Freddie Maguire;Freddie;2B;Second Base;2B
124271;Rick Wilkins;Rick;C;Catcher;C
502085;David Robertson;David;P;Pitcher;P
119246;Rick Monday;Rick;CF;Outfielder;CF
548384;Brooks Raley;Brooks;P;Pitcher;P
545121;Ildemaro Vargas;Ildemaro;2B;Second Base;3B
115120;Lee Gregory;Lee;P;Pitcher;P
605200;Zach Davies;Zach;P;Pitcher;P
112385;Clem Clemens;Clem;C;Catcher;C
111981;Jose Cardenal;Jose;LF;Outfielder;CF
451595;Sean Gallagher;Sean;P;Pitcher;P
116467;Joe Jaeger;Joe;P;Pitcher;P
117372;Emil Kush;Emil;P;Pitcher;P
112649;Wilbur Cooper;Wilbur;P;Pitcher;P
119380;Moe Morhardt;Moe;NULL;NULL;1B
121149;Fred Richards;Fred;1B;First Base;1B
116511;Hal Jeffcoat;Hal;RF;Outfielder;P
118307;William Marriott;William;2B;Second Base;3B
124659;Eric Yelding;Eric;2B;Second Base;SS
656716;Zach McKinstry;Zach;3B;Third Base;SS
113283;Claud Derrick;Claud;SS;Shortstop;SS
113638;Ron Dunn;Ron;2B;Second Base;2B
123541;Wayne Tyrone;Wayne;NULL;NULL;OF
120578;George Piktuzis;George;P;Pitcher;P
122729;Harry Steinfeldt;Harry;3B;Third Base;3B
121141;Len Rice;Len;C;Catcher;C
120512;Adolfo Phillips;Adolfo;CF;Outfielder;CF
116311;Bob Humphreys;Bob;P;Pitcher;P
607257;Raffy Lopez;Raffy;C;Catcher;C
122416;Dwight Smith;Dwight;NULL;NULL;LF
111173;Jim Bolger;Jim;CF;Outfielder;CF
123382;Charles Tolson;Charles;1B;First Base;1B
123166;Bud Teachout;Bud;P;Pitcher;P
433217;Andres Blanco;AndrĂ©s;2B;Second Base;2B
111239;Bob Borkowski;Bob;CF;Outfielder;OF
124610;Bob Wright;Bob;P;Pitcher;P
666624;Christopher Morel;Christopher;CF;Outfielder;3B
621550;Patrick Wisdom;Patrick;NULL;NULL;1B
117962;Turk Lown;Turk;P;Pitcher;P
110449;Ed Bailey;Ed;C;Catcher;C
117546;Jimmy Lavender;Jimmy;P;Pitcher;P
425446;Aaron Miles;Aaron;2B;Second Base;2B
113571;Paddy Driscoll;Paddy;2B;Second Base;2B
114596;Nomar Garciaparra;Nomar;3B;Third Base;SS
592743;Andrelton Simmons;Andrelton;2B;Second Base;SS
216694;Bo Porter;Bo;LF;Outfielder;RF
122880;Lou Stringer;Lou;2B;Second Base;2B
112320;Dave Clark;Dave;NULL;NULL;RF
114773;Charlie Gilbert;Charlie;CF;Outfielder;CF
118403;Gordon Massa;Gordon;C;Catcher;C
117731;Darren Lewis;Darren;LF;Outfielder;CF
115167;Charlie Grimm;Charlie;1B;First Base;1B
431170;Jose Reyes;Jose;NULL;NULL;C
124754;Rollie Zeider;Rollie;SS;Shortstop;2B
119805;Al Nipper;Al;P;Pitcher;P
124330;Otto Williams;Otto;RF;Outfielder;SS
123480;Steve Trout;Steve;P;Pitcher;P
114596;Nomar Garciaparra;Nomar;SS;Shortstop;SS
120383;Ken Penner;Ken;P;Pitcher;P
111491;Pete Broberg;Pete;P;Pitcher;P
111079;Kevin Blankenship;Kevin;P;Pitcher;P
113531;Larry Doyle;Larry;2B;Second Base;2B
114239;Scott Fletcher;Scott;2B;Second Base;SS
113638;Ron Dunn;Ron;NULL;NULL;2B
113803;Carter Elliott;Carter;SS;Shortstop;SS
657228;Jake Jewell;Jake;P;Pitcher;P
434630;Eli Whiteside;Eli;C;Catcher;C
111782;Dick Burwell;Dick;P;Pitcher;P
503569;Rafael Dolis;Rafael;P;Pitcher;P
120621;Whitey Platt;Whitey;LF;Outfielder;LF
118184;Mike Maksudian;Mike;NULL;NULL;1B
110439;Abraham Bailey;Abraham;P;Pitcher;P
623364;Brad Wieck;Brad;P;Pitcher;P
116917;John Kelleher;John;3B;Third Base;3B
113724;Angel Echevarria;Angel;NULL;NULL;RF
121743;Bob Scanlan;Bob;P;Pitcher;P
124685;Anthony Young;Anthony;P;Pitcher;P
118915;Dave Meier;Dave;3B;Third Base;LF
113518;Red Downs;Red;2B;Second Base;2B
407825;Matt Guerrier;Matt;P;Pitcher;P
122537;Lary Sorensen;Lary;P;Pitcher;P
122833;Bill Stoneman;Bill;P;Pitcher;P
114334;Kevin Foster;Kevin;P;Pitcher;P
123004;Bruce Sutter;Bruce;P;Pitcher;P
113546;Sammy Drake;Sammy;NULL;NULL;2B
110709;Frank Baumholtz;Frank;RF;Outfielder;RF
124265;Harry Wilke;Harry;3B;Third Base;3B
113807;Rowdy Elliott;Rowdy;C;Catcher;C
150299;Mike Mahoney;Mike;C;Catcher;C
120212;Erik Pappas;Erik;C;Catcher;C
123204;Zeb Terry;Zeb;SS;Shortstop;SS
493120;Kosuke Fukudome;Kosuke;RF;Outfielder;RF
502125;Tyler Colvin;Tyler;RF;Outfielder;RF
110880;Butch Benton;Butch;C;Catcher;C
115978;Gene Hiser;Gene;NULL;NULL;LF
121879;Frank Schulte;Frank;RF;Outfielder;LF
118363;Dave Martinez;Dave;CF;Outfielder;RF
121898;Don Schulze;Don;P;Pitcher;P
116475;Cleo James;Cleo;CF;Outfielder;CF
150030;Richard Barker;Richard;P;Pitcher;P
115456;Bud Hardin;Bud;SS;Shortstop;SS
117912;Davey Lopes;Davey;LF;Outfielder;2B
119042;Hank Miklos;Hank;P;Pitcher;P
123638;Johnny Vander Meer;Johnny;P;Pitcher;P
118971;Fred Merkle;Fred;1B;First Base;1B
113012;Dom Dallessandro;Dom;CF;Outfielder;LF
462522;Jeff Gray;Jeff;P;Pitcher;P
116285;Terry Hughes;Terry;3B;Third Base;3B
113915;Shawn Estes;Shawn;P;Pitcher;P
120643;Tom Poholsky;Tom;P;Pitcher;P
120936;Dennis Rasmussen;Dennis;P;Pitcher;P
124663;Carroll Yerkes;Carroll;P;Pitcher;P
113139;Steve Davis;Steve;2B;Second Base;2B
112361;Sumpter Clarke;Sumpter;3B;Third Base;RF
593576;Hector Neris;HĂ©ctor;P;Pitcher;P
119354;Ramon Morel;Ramon;P;Pitcher;P
114471;Oscar Fuhr;Oscar;P;Pitcher;P
449060;Clay Rapada;Clay;P;Pitcher;P
120108;Reggie Otero;Reggie;1B;First Base;1B
121891;Bob Schultz;Bob;P;Pitcher;P
115803;Feli Heredia;Feli;P;Pitcher;P
430911;David Aardsma;David;P;Pitcher;P
114664;George Gaw;George;P;Pitcher;P
120502;Art Phelan;Art;2B;Second Base;3B
670623;Isaac Paredes;Isaac;3B;Third Base;3B
117196;Pete Knisely;Pete;RF;Outfielder;RF
400067;Carlos Silva;Carlos;P;Pitcher;P
115469;Alan Hargesheimer;Alan;P;Pitcher;P
118507;Jim McAy;Jim;NULL;NULL;RF
110700;Russ Bauers;Russ;P;Pitcher;P
119629;Rodney Myers;Rodney;P;Pitcher;P
120751;Mike Prendergast;Mike;P;Pitcher;P
110403;Manny Aybar;Manny;P;Pitcher;P
123743;Jose Vizcaino;Jose;SS;Shortstop;SS
115260;Mark Guthrie;Mark;P;Pitcher;P
115536;Vic Harris;Vic;NULL;NULL;2B
112979;Kiki Cuyler;Kiki;RF;Outfielder;RF
110991;Larry Biittner;Larry;NULL;NULL;1B
428642;Luis Montanez;Luis;RF;Outfielder;LF
118974;Lloyd Merriman;Lloyd;CF;Outfielder;CF
111495;Lou Brock;Lou;RF;Outfielder;LF
120493;Big Jeff Pfeffer;Big Jeff;P;Pitcher;P
425484;Jon Leicester;Jon;P;Pitcher;P
120076;Jose Ortiz;Jose;CF;Outfielder;CF
116264;Johnny Hudson;Johnny;SS;Shortstop;2B
115594;Ron Hassey;Ron;NULL;NULL;C
150039;Chad Meyers;Chad;2B;Second Base;2B
123707;Dave Veres;Dave;P;Pitcher;P
124734;Geoff Zahn;Geoff;P;Pitcher;P
122526;Eddie Solomon;Eddie;P;Pitcher;P
458085;Chris Coghlan;Chris;LF;Outfielder;LF
150041;Phil Norton;Phil;P;Pitcher;P
113251;Frank Demaree;Frank;CF;Outfielder;RF
118134;Lee Magee;Lee;CF;Outfielder;CF
121088;Paul Reuschel;Paul;P;Pitcher;P
117080;Jim King;Jim;LF;Outfielder;RF
123246;Frank Thomas;Frank;1B;First Base;LF
122371;Dave Smith;Dave;P;Pitcher;P
117582;Tommy Leach;Tommy;CF;Outfielder;CF
115755;Harvey Hendrick;Harvey;1B;First Base;1B
116917;John Kelleher;John;1B;First Base;3B
519203;Anthony Rizzo;Anthony;1B;First Base;1B
435279;Adam Greenberg;Adam;NULL;NULL;CF
119355;Keith Moreland;Keith;3B;Third Base;RF
112657;Mort Cooper;Mort;P;Pitcher;P
118997;George Metkovich;George;RF;Outfielder;CF
543743;Dave Sappelt;Dave;RF;Outfielder;LF
114049;Marv Felderman;Marv;C;Catcher;C
114367;Jimmie Fo;Jimmie;1B;First Base;1B
488787;Casey Coleman;Casey;P;Pitcher;P
596057;Daniel Norris;Daniel;P;Pitcher;P
444135;Ryan Theriot;Ryan;2B;Second Base;SS
112660;Walker Cooper;Walker;C;Catcher;C
112519;Bob Collins;Bob;C;Catcher;C
150277;Doug Davis;Doug;P;Pitcher;P
115990;Glen Hobbie;Glen;P;Pitcher;P
121524;Vic Roznovsky;Vic;C;Catcher;C
527055;Arodys VizcaĂ­no;Arodys;P;Pitcher;P
114508;Gary Gaetti;Gary;3B;Third Base;3B
116226;Jay Howell;Jay;P;Pitcher;P
110552;Turner Barber;Turner;CF;Outfielder;LF
120296;Reggie Patterson;Reggie;P;Pitcher;P
425784;Rene Rivera;RenĂ©;C;Catcher;C
110063;Bobby Adams;Bobby;NULL;NULL;3B
123772;Gale Wade;Gale;CF;Outfielder;OF
118180;George Maisel;George;CF;Outfielder;CF
116725;Sam Jones;Sam;P;Pitcher;P
121710;Hank Sauer;Hank;LF;Outfielder;LF
110130;Matt Aleander;Matt;NULL;NULL;CF
506433;Yu Darvish;Yu;P;Pitcher;P
110023;Cliff Aberson;Cliff;RF;Outfielder;LF
121814;Calvin Schiraldi;Calvin;P;Pitcher;P
124369;Bump Wills;Bump;2B;Second Base;2B
117602;Don Lee;Don;P;Pitcher;P
608365;Addison Russell;Addison;2B;Second Base;SS
542999;Tony Campana;Tony;CF;Outfielder;CF
111132;John Boccabella;John;LF;Outfielder;C
117587;Fred Lear;Fred;3B;Third Base;3B
670223;Matt Mervis;Matt;DH;Designated Hitter;1B
407790;Steve Smyth;Steve;P;Pitcher;P
118345;Mike Martin;Mike;C;Catcher;C
116604;Ken Johnson;Ken;P;Pitcher;P
124290;Billy Williams;Billy;LF;Outfielder;OF
121858;Ed Schorr;Ed;P;Pitcher;P
117092;Dave Kingman;Dave;LF;Outfielder;1B
114928;Geremi Gonzalez;Geremi;P;Pitcher;P
124167;Elder White;Elder;SS;Shortstop;SS
111562;Jophery Brown;Jophery;P;Pitcher;P
133380;Aramis Ramirez;Aramis;3B;Third Base;3B
451687;Micah Hoffpauir;Micah;1B;First Base;1B
605242;Michael Fulmer;Michael;P;Pitcher;P
121459;Dave Rosello;Dave;2B;Second Base;2B
112248;Bob Chipman;Bob;P;Pitcher;P
115285;Warren Hacker;Warren;P;Pitcher;P
123466;Manny Trillo;Manny;2B;Second Base;2B
116673;Clarence Jones;Clarence;NULL;NULL;RF
113794;Lee Elia;Lee;NULL;NULL;SS
113116;Jim Davis;Jim;P;Pitcher;P
119084;O Miller;O;P;Pitcher;P
121726;Carl Sawatski;Carl;C;Catcher;C
117577;Tony Lazzeri;Tony;SS;Shortstop;2B
117679;Ed Lenno;Ed;3B;Third Base;3B
117982;Fred Luderus;Fred;1B;First Base;1B
114376;Matt Franco;Matt;NULL;NULL;1B
150439;Gary Matthews;Gary;LF;Outfielder;CF
116351;Don Hurst;Don;1B;First Base;1B
113716;Rawly Eastwick;Rawly;P;Pitcher;P
111700;Freddie Burdette;Freddie;P;Pitcher;P
430592;Ronny Cedeno;Ronny;SS;Shortstop;SS
123320;Bob Thorpe;Bob;P;Pitcher;P
119043;Eddie Miksis;Eddie;2B;Second Base;2B
117230;Mark Koenig;Mark;3B;Third Base;SS
111467;Harry Bright;Harry;NULL;NULL;1B
114631;Adrian Garrett;Adrian;NULL;NULL;C
122207;Ed Sicking;Ed;2B;Second Base;2B
118266;Dick Manville;Dick;P;Pitcher;P
444135;Ryan Theriot;Ryan;NULL;NULL;SS
123431;Steve Trachsel;Steve;P;Pitcher;P
113188;Joe Decker;Joe;P;Pitcher;P
123927;Dick Ward;Dick;P;Pitcher;P
112510;Ripper Collins;Ripper;1B;First Base;1B
112624;Jim Cook;Jim;CF;Outfielder;CF
118214;Pat Malone;Pat;P;Pitcher;P
123204;Zeb Terry;Zeb;2B;Second Base;SS
462515;Miguel Socolovich;Miguel;P;Pitcher;P
112162;Ron Cey;Ron;3B;Third Base;3B
663611;Nick Madrigal;Nick;2B;Second Base;3B
116448;Tony Jacobs;Tony;P;Pitcher;P
493120;Kosuke Fukudome;Kosuke;CF;Outfielder;RF
112005;Hal Carlson;Hal;P;Pitcher;P
112641;Ron Coomer;Ron;3B;Third Base;1B
111041;Earl Blackburn;Earl;C;Catcher;C
114416;Howard Freigau;Howard;3B;Third Base;3B
150404;Ted Lilly;Ted;P;Pitcher;P
120342;Charlie Pechous;Charlie;3B;Third Base;3B
113151;Andre Dawson;Andre;RF;Outfielder;RF
116424;Danny Jackson;Danny;P;Pitcher;P
118460;Carmen Mauro;Carmen;CF;Outfielder;CF
119845;Bill North;Bill;RF;Outfielder;CF
112146;Phil Cavarretta;Phil;1B;First Base;1B
519306;Steven Souza Jr.;Steven;NULL;NULL;RF
124329;Mitch Williams;Mitch;P;Pitcher;P
110023;Cliff Aberson;Cliff;LF;Outfielder;LF
407822;Jorge De La Rosa;Jorge;P;Pitcher;P
641743;Anthony Kay;Anthony;P;Pitcher;P
111643;Don Bryant;Don;C;Catcher;C
117551;Vance Law;Vance;3B;Third Base;3B
112643;Jimmy Cooney;Jimmy;SS;Shortstop;SS
113407;Jess Dobernic;Jess;P;Pitcher;P
111671;Art Bues;Art;3B;Third Base;3B
121809;Morrie Schick;Morrie;CF;Outfielder;CF
150037;Ray King;Ray;P;Pitcher;P
123122;Tony Taylor;Tony;2B;Second Base;2B
110370;Toby Atwell;Toby;C;Catcher;C
120001;Vern Olsen;Vern;P;Pitcher;P
111438;Duke Brett;Duke;P;Pitcher;P
621074;Michael Rucker;Michael;P;Pitcher;P
118065;John Mabry;John;1B;First Base;LF
121710;Hank Sauer;Hank;RF;Outfielder;LF
124755;Todd Zeile;Todd;3B;Third Base;3B
115166;Ray Grimes;Ray;1B;First Base;1B
123701;Emil Verban;Emil;2B;Second Base;2B
407296;Carlos Zambrano;Carlos;P;Pitcher;P
124026;Ray Webster;Ray;NULL;NULL;1B
112055;Al Carson;Al;P;Pitcher;P
116384;Blaise Ilsley;Blaise;P;Pitcher;P
114431;Bernie Friberg;Bernie;CF;Outfielder;3B
605253;Terrance Gore;Terrance;NULL;NULL;OF
117176;Otto Knabe;Otto;2B;Second Base;2B
111239;Bob Borkowski;Bob;NULL;NULL;OF
431171;Casey McGehee;Casey;3B;Third Base;3B
123246;Frank Thomas;Frank;NULL;NULL;LF
124754;Rollie Zeider;Rollie;2B;Second Base;2B
115935;Glenallen Hill;Glenallen;LF;Outfielder;RF
451687;Micah Hoffpauir;Micah;NULL;NULL;1B
118041;Red Lynn;Red;P;Pitcher;P
123092;El Tappe;El;C;Catcher;C
117641;Hank Leiber;Hank;LF;Outfielder;CF
119173;Paul Minner;Paul;P;Pitcher;P
519166;Neil RamĂ­rez;Neil;P;Pitcher;P
112408;Gene Clines;Gene;NULL;NULL;LF
113251;Frank Demaree;Frank;RF;Outfielder;RF
117628;Craig Lefferts;Craig;P;Pitcher;P
121676;Scott Sanders;Scott;P;Pitcher;P
116922;Frank Kellert;Frank;NULL;NULL;1B
425557;Jeff Baker;Jeff;2B;Second Base;2B
110358;Paul Assenmacher;Paul;P;Pitcher;P
641878;Ian Miller;Ian;NULL;NULL;CF
119028;Ralph Michaels;Ralph;3B;Third Base;3B
117457;Ced Landrum;Ced;LF;Outfielder;LF
115425;Bill Hanlon;Bill;1B;First Base;1B
502285;Tyler Ladendorf;Tyler;NULL;NULL;2B
656941;Kyle Schwarber;Kyle;LF;Outfielder;DH
133140;Scott McClain;Scott;NULL;NULL;1B
518934;DJ LeMahieu;DJ;2B;Second Base;3B
571740;Billy Hamilton;Billy;CF;Outfielder;RF
400268;J.C. Boscan;J.C.;C;Catcher;C
657240;Julian Merryweather;Julian;P;Pitcher;P
115048;Tom Grant;Tom;NULL;NULL;RF
122912;Bobby Sturgeon;Bobby;SS;Shortstop;SS
124300;Dewey Williams;Dewey;C;Catcher;C
120885;Pat Ragan;Pat;P;Pitcher;P
113524;Jim Doyle;Jim;3B;Third Base;3B
113039;Kal Daniels;Kal;LF;Outfielder;LF
113345;Lance Dickson;Lance;P;Pitcher;P
121663;Rey Sanchez;Rey;2B;Second Base;SS
112992;Babe Dahlgren;Babe;1B;First Base;1B
124695;Eric Young Sr.;Eric;2B;Second Base;2B
543903;Allen Webster;Allen;P;Pitcher;P
119547;Danny Murphy;Danny;CF;Outfielder;P
430935;Cole Hamels;Cole;P;Pitcher;P
123215;Moe Thacker;Moe;C;Catcher;C
123984;Doc Watson;Doc;P;Pitcher;P
116529;Doug Jennings;Doug;NULL;NULL;LF
121762;Jimmie Schaffer;Jimmie;C;Catcher;C
122671;Joe Stanley;Joe;LF;Outfielder;OF
121556;Glendon Rusch;Glendon;P;Pitcher;P
119511;Jerry Mumphrey;Jerry;CF;Outfielder;CF
115988;Don Hoak;Don;3B;Third Base;3B
110939;Damon Berryhill;Damon;C;Catcher;C
111577;Mordecai Brown;Mordecai;P;Pitcher;P
460701;James Russell;James;P;Pitcher;P
121663;Rey Sanchez;Rey;SS;Shortstop;SS
110395;Earl Averill;Earl;C;Catcher;C
119289;Charley Moore;Charley;SS;Shortstop;SS
110189;Moises Alou;Moises;LF;Outfielder;LF
110757;Clyde Beck;Clyde;SS;Shortstop;3B
450320;Carmen Pignatiello;Carmen;P;Pitcher;P
116679;Davy Jones;Davy;CF;Outfielder;LF
123572;John Upham;John;P;Pitcher;P
434567;Geovany Soto;Geovany;C;Catcher;C
543294;Kyle Hendricks;Kyle;P;Pitcher;P
111624;Mike Brumley;Mike;SS;Shortstop;SS
111970;Doug Capilla;Doug;P;Pitcher;P
110831;Les Bell;Les;3B;Third Base;3B
110262;Shane Andrews;Shane;3B;Third Base;3B
122004;Manny Seoane;Manny;P;Pitcher;P
124471;Casey Wise;Casey;2B;Second Base;2B
122645;Gale Staley;Gale;2B;Second Base;2B
121995;Mike Sember;Mike;3B;Third Base;3B
114431;Bernie Friberg;Bernie;2B;Second Base;3B
117336;Marty Krug;Marty;3B;Third Base;3B
605170;Victor Caratini;Victor;C;Catcher;C
119206;George Mitterwald;George;C;Catcher;C
641820;Trey Mancini;Trey;1B;First Base;1B
457384;Bobby Scales;Bobby;LF;Outfielder;LF
114378;Terry Francona;Terry;NULL;NULL;1B
116894;Vic Keen;Vic;P;Pitcher;P
502026;Jeremy Jeffress;Jeremy;P;Pitcher;P
665066;Tyler Payne;Tyler;C;Catcher;C
120630;Bill Plummer;Bill;C;Catcher;C
500779;Jose Quintana;Jose;P;Pitcher;P
115156;Denver Grigsby;Denver;LF;Outfielder;LF
614177;Franmil Reyes;Franmil;DH;Designated Hitter;LF
111281;Larry Bowa;Larry;SS;Shortstop;SS
476601;Michael Bowden;Michael;P;Pitcher;P
118241;Les Mann;Les;LF;Outfielder;LF
113157;Brian Dayett;Brian;NULL;NULL;LF
112251;Harry Chiti;Harry;C;Catcher;C
111090;Jeff Blauser;Jeff;SS;Shortstop;SS
113625;Jim Dunegan;Jim;P;Pitcher;P
116084;Jessie Hollins;Jessie;P;Pitcher;P
111196;Bill Bonham;Bill;P;Pitcher;P
116316;Todd Hundley;Todd;C;Catcher;C
116593;Howard Johnson;Howard;NULL;NULL;3B
446003;Jairo Asencio;Jairo;P;Pitcher;P
642239;Rob Zastryzny;Rob;P;Pitcher;P
475243;Travis Wood;Travis;P;Pitcher;P
120892;Chuck Rainey;Chuck;P;Pitcher;P
122426;Lee Smith;Lee;P;Pitcher;P
664731;P.J. Higgins;P.J.;C;Catcher;C
123540;Jim Tyrone;Jim;LF;Outfielder;OF
123456;Bill Tremel;Bill;P;Pitcher;P
114525;Augie Galan;Augie;2B;Second Base;LF
120560;Ray Pierce;Ray;P;Pitcher;P
114646;Charlie Gassaway;Charlie;P;Pitcher;P
113500;Phil Douglas;Phil;P;Pitcher;P
117846;Hans Lobert;Hans;3B;Third Base;3B
451584;Wade Davis;Wade;P;Pitcher;P
115476;Mike Harkey;Mike;P;Pitcher;P
458584;avier CedeĂ±o;avier;P;Pitcher;P
110090;Rick Aguilera;Rick;P;Pitcher;P
117304;Mike Kreevich;Mike;RF;Outfielder;CF
120391;Joe Pepitone;Joe;1B;First Base;1B
122453;Bob Smith;Bob;P;Pitcher;P
643524;Frank Schwindel;Frank;1B;First Base;1B
118533;Bill McCabe;Bill;RF;Outfielder;RF
116028;Guy Hoffman;Guy;P;Pitcher;P
615868;Gerardo Concepcion;Gerardo;P;Pitcher;P
113100;Curt Davis;Curt;P;Pitcher;P
453385;Clayton Richard;Clayton;P;Pitcher;P
150218;Jacque Jones;Jacque;CF;Outfielder;LF
111882;Marty Callaghan;Marty;RF;Outfielder;LF
120543;Eddie Pick;Eddie;3B;Third Base;3B
110139;Nick Allen;Nick;C;Catcher;C
112146;Phil Cavarretta;Phil;NULL;NULL;1B
122698;Arnold Statz;Arnold;CF;Outfielder;OF
116075;Todd Hollandsworth;Todd;RF;Outfielder;LF
120881;Ken Raffensberger;Ken;P;Pitcher;P
112064;Joe Carter;Joe;LF;Outfielder;LF
501817;Tony Barnette;Tony;P;Pitcher;P
518792;Jason Heyward;Jason;CF;Outfielder;RF
123069;Jerry Tabb;Jerry;NULL;NULL;1B
121800;Hank Schenz;Hank;3B;Third Base;2B
430906;Donnie Murphy;Donnie;3B;Third Base;3B
117512;Victor LaRose;Victor;2B;Second Base;SS
111937;Ron Campbell;Ron;SS;Shortstop;2B
111724;Leo Burke;Leo;NULL;NULL;RF
116609;Lou Johnson;Lou;RF;Outfielder;LF
110072;Bob Addis;Bob;CF;Outfielder;CF
453344;Brandon Morrow;Brandon;P;Pitcher;P
150038;Brian McNichol;Brian;P;Pitcher;P
407802;Cliff Bartosh;Cliff;P;Pitcher;P
114807;Paul Gillespie;Paul;C;Catcher;C
113157;Brian Dayett;Brian;LF;Outfielder;LF
114431;Bernie Friberg;Bernie;3B;Third Base;3B
113658;Leon Durham;Leon;LF;Outfielder;1B
116950;Joe Kelly;Joe;CF;Outfielder;CF
467008;Pedro Strop;Pedro;P;Pitcher;P
113052;Alvin Dark;Alvin;3B;Third Base;SS
123143;Zack Taylor;Zack;C;Catcher;C
120850;Luis Quinones;Luis;SS;Shortstop;3B
113795;Pete Elko;Pete;3B;Third Base;3B
111594;Tommy Brown;Tommy;SS;Shortstop;SS
116456;Elmer Jacobs;Elmer;P;Pitcher;P
115751;Steve Henderson;Steve;LF;Outfielder;LF
119238;Fritz Mollwitz;Fritz;1B;First Base;1B
122754;John Stephenson;John;C;Catcher;C
279912;Raul Gonzalez;Raul;LF;Outfielder;RF
543333;Eric Hosmer;Eric;DH;Designated Hitter;1B
664023;Ian Happ;Ian;CF;Outfielder;LF
425655;John Koronka;John;P;Pitcher;P
502125;Tyler Colvin;Tyler;CF;Outfielder;RF
123771;Ben Wade;Ben;P;Pitcher;P
117963;Peanuts Lowrey;Peanuts;3B;Third Base;LF
110047;Sparky Adams;Sparky;SS;Shortstop;2B
121693;Benito Santiago;Benito;C;Catcher;C
116038;Solly Hofman;Solly;1B;First Base;CF
118344;J.C. Martin;J.C.;C;Catcher;C
118547;Ale McCarthy;Ale;2B;Second Base;2B
123588;Bob Usher;Bob;NULL;NULL;CF
516684;Lendy Castillo;Lendy;P;Pitcher;P
115611;Grady Hatton;Grady;NULL;NULL;3B
117641;Hank Leiber;Hank;CF;Outfielder;CF
112332;Mark Clark;Mark;P;Pitcher;P
150009;Ramon Ortiz;Ramon;P;Pitcher;P
115316;John Hairston;John;C;Catcher;C
118708;Dan McGinn;Dan;P;Pitcher;P
121175;Reggie Richter;Reggie;P;Pitcher;P
117929;Andrew Lorraine;Andrew;P;Pitcher;P
120899;Bob Ramazzotti;Bob;2B;Second Base;2B
113168;Dizzy Dean;Dizzy;P;Pitcher;P
110349;Richie Ashburn;Richie;CF;Outfielder;CF
121440;Charlie Root;Charlie;P;Pitcher;P
115049;George Grantham;George;2B;Second Base;2B
118471;Derrick May;Derrick;NULL;NULL;LF
657145;Mark Zagunis;Mark;NULL;NULL;RF
642727;Sergio AlcĂˇntara;Sergio;SS;Shortstop;SS
150039;Chad Meyers;Chad;NULL;NULL;2B
123637;Hy Vandenberg;Hy;P;Pitcher;P
119630;Billy Myers;Billy;SS;Shortstop;SS
518960;Jonathan Lucroy;Jonathan;C;Catcher;C
112093;Larry Casian;Larry;P;Pitcher;P
119441;Jim Mosolf;Jim;LF;Outfielder;LF
118451;Gene Mauch;Gene;2B;Second Base;2B
118827;Norm McMillan;Norm;3B;Third Base;3B
120441;Scott Perry;Scott;P;Pitcher;P
592094;Jason Adam;Jason;P;Pitcher;P
450527;Ale Hinshaw;Ale;P;Pitcher;P
120653;Howie Pollet;Howie;P;Pitcher;P
117952;Grover Lowdermilk;Grover;P;Pitcher;P
121289;Don Robertson;Don;RF;Outfielder;RF
120531;Tom Phoebus;Tom;P;Pitcher;P
664023;Ian Happ;Ian;NULL;NULL;LF
119547;Danny Murphy;Danny;RF;Outfielder;P
110752;Ginger Beaumont;Ginger;CF;Outfielder;CF
119161;George Milstead;George;P;Pitcher;P
119925;Johnny O'Connor;Johnny;C;Catcher;C
119112;Bob Miller;Bob;P;Pitcher;P
122560;Al Spangler;Al;NULL;NULL;LF
117456;Hobie Landrith;Hobie;C;Catcher;C
434567;Geovany Soto;Geovany;NULL;NULL;C
116038;Solly Hofman;Solly;LF;Outfielder;CF
120671;Paul Popovich;Paul;SS;Shortstop;2B
123901;Jerome Walton;Jerome;CF;Outfielder;OF
119306;Johnny Moore;Johnny;RF;Outfielder;RF
116511;Hal Jeffcoat;Hal;CF;Outfielder;P
425532;Jerome Williams;Jerome;P;Pitcher;P
118460;Carmen Mauro;Carmen;RF;Outfielder;CF
124674;Tony York;Tony;SS;Shortstop;SS
121251;Roberto Rivera;Roberto;P;Pitcher;P
115560;Chuck Hartenstein;Chuck;NULL;NULL;P
113961;Scott Eyre;Scott;P;Pitcher;P
324432;Augie Ojeda;Augie;SS;Shortstop;SS
113291;Delino DeShields;Delino;LF;Outfielder;2B
124000;David Weathers;David;P;Pitcher;P
123206;Wayne Terwilliger;Wayne;2B;Second Base;2B
150218;Jacque Jones;Jacque;RF;Outfielder;LF
114366;Bill Foen;Bill;P;Pitcher;P
122428;Bull Smith;Bull;LF;Outfielder;LF
276514;Kevin Gregg;Kevin;P;Pitcher;P
407892;Andy Pratt;Andy;P;Pitcher;P
425840;Neal Cotts;Neal;P;Pitcher;P
277415;Danny Young;Danny;P;Pitcher;P
116248;Trenidad Hubbard;Trenidad;NULL;NULL;LF
453539;Sam Fuld;Sam;NULL;NULL;LF
119330;Jake Mooty;Jake;P;Pitcher;P
430203;David DeJesus;David;RF;Outfielder;CF
118440;Bobby Mattick;Bobby;SS;Shortstop;SS
115954;Dave Hillman;Dave;P;Pitcher;P
118970;Ron Meridith;Ron;P;Pitcher;P
117067;Bruce Kimm;Bruce;C;Catcher;C
118501;Bill McAfee;Bill;P;Pitcher;P
623520;David Bote;David;2B;Second Base;3B
123664;Gary Varsho;Gary;NULL;NULL;RF
113503;Taylor Douthit;Taylor;CF;Outfielder;CF
112277;Bubba Church;Bubba;P;Pitcher;P
119333;Jerry Morales;Jerry;NULL;NULL;RF
457727;Cameron Maybin;Cameron;RF;Outfielder;CF
117963;Peanuts Lowrey;Peanuts;LF;Outfielder;LF
110757;Clyde Beck;Clyde;2B;Second Base;3B
444875;Matt Murton;Matt;RF;Outfielder;LF
119988;Nate Oliver;Nate;NULL;NULL;2B
124061;Johnny Welch;Johnny;P;Pitcher;P
115825;Jose Hernandez;JosĂ©;SS;Shortstop;SS
500874;Jose A. Martinez;JosĂ© A.;NULL;NULL;RF
519388;Josh Vitters;Josh;3B;Third Base;3B
110077;Dewey Adkins;Dewey;P;Pitcher;P
122816;Tim Stoddard;Tim;P;Pitcher;P
110402;Bobby Ayala;Bobby;P;Pitcher;P
114119;Tom Filer;Tom;P;Pitcher;P
119858;Don Nottebart;Don;P;Pitcher;P
122193;Clyde Shoun;Clyde;P;Pitcher;P
570489;Arismendy AlcĂˇntara;Arismendy;2B;Second Base;CF
114708;Dave Gerard;Dave;P;Pitcher;P
119535;Bobby Murcer;Bobby;RF;Outfielder;RF
115263;Ricky Gutierrez;Ricky;SS;Shortstop;SS
121930;Pete Scott;Pete;LF;Outfielder;RF
111433;Roger Bresnahan;Roger;C;Catcher;C
115026;Peaches Graham;Peaches;P;Pitcher;C
122788;Mack Stewart;Mack;P;Pitcher;P
120916;Ferdo Ramsey;Ferdo;CF;Outfielder;CF
519299;Eric Sogard;Eric;2B;Second Base;2B
518614;Daniel Descalso;Daniel;2B;Second Base;2B
452733;Tom Gorzelanny;Tom;P;Pitcher;P
114057;John Felske;John;C;Catcher;C
117253;Cal Koonce;Cal;P;Pitcher;P
124017;Earl Webb;Earl;RF;Outfielder;RF
124727;Zip Zabel;Zip;P;Pitcher;P
116475;Cleo James;Cleo;NULL;NULL;CF
124277;Bob Will;Bob;RF;Outfielder;RF
122774;Tuffy Stewart;Tuffy;RF;Outfielder;OF
542999;Tony Campana;Tony;LF;Outfielder;CF
117516;Dan Larson;Dan;P;Pitcher;P
118029;Ed Lynch;Ed;P;Pitcher;P
117048;Paul Kilgus;Paul;P;Pitcher;P
124665;Steve Yerkes;Steve;2B;Second Base;2B
124771;Heinie Zimmerman;Heinie;3B;Third Base;3B
121885;Buddy Schultz;Buddy;P;Pitcher;P
118099;Steve Macko;Steve;2B;Second Base;2B
123351;Ben Tincup;Ben;P;Pitcher;P
119947;Bob O'Farrell;Bob;C;Catcher;C
123941;Jack Warner;Jack;P;Pitcher;P
124310;Cy Williams;Cy;CF;Outfielder;OF
120612;Juan Pizarro;Juan;P;Pitcher;P
113547;Solly Drake;Solly;CF;Outfielder;CF
110259;John Andre;John;P;Pitcher;P
452764;Chris Carpenter;Chris;P;Pitcher;P
112761;Larry Co;Larry;C;Catcher;C
595879;Javier Baez;Javier;SS;Shortstop;SS
114613;Rob Gardner;Rob;P;Pitcher;P
453304;John Gaub;John;P;Pitcher;P
112976;Jack Cusick;Jack;SS;Shortstop;SS
150252;Chad Hermansen;Chad;CF;Outfielder;CF
114409;Mark Freeman;Mark;P;Pitcher;P
124290;Billy Williams;Billy;RF;Outfielder;OF
456133;Ryan O'Malley;Ryan;P;Pitcher;P
122008;Bill Serena;Bill;3B;Third Base;3B
120908;Domingo Ramos;Domingo;3B;Third Base;SS
114005;Carmen Fanzone;Carmen;3B;Third Base;3B
114177;Bob Fisher;Bob;SS;Shortstop;SS
683737;Michael Busch;Michael;1B;First Base;1B
120417;Yorkis Perez;Yorkis;P;Pitcher;P
124025;Mitch Webster;Mitch;LF;Outfielder;CF
118418;Nelson Mathews;Nelson;CF;Outfielder;CF
119587;Red Murray;Red;RF;Outfielder;RF
458628;Joe Mather;Joe;CF;Outfielder;CF
676679;Luis Vazquez;Luis;SS;Shortstop;SS
596027;Dillon Maples;Dillon;P;Pitcher;P
455139;Robinson Chirinos;Robinson;C;Catcher;C
117824;Dick Littlefield;Dick;P;Pitcher;P
123597;Pedro Valdes;Pedro;NULL;NULL;RF
120822;Jim Qualls;Jim;CF;Outfielder;CF
429719;Edwin Jackson;Edwin;P;Pitcher;P
114950;Ival Goodman;Ival;LF;Outfielder;RF
123836;Mike Walker;Mike;P;Pitcher;P
119530;Joe Munson;Joe;LF;Outfielder;RF
570240;Feli Pena;FĂ©li;P;Pitcher;P
136660;Mark DeRosa;Mark;2B;Second Base;3B
112272;Steve Christmas;Steve;C;Catcher;C
114325;Tony Fossas;Tony;P;Pitcher;P
121931;Gary Scott;Gary;3B;Third Base;3B
110517;Jay Baller;Jay;P;Pitcher;P
122441;Paul Smith;Paul;NULL;NULL;1B
124266;Curtis Wilkerson;Curtis;3B;Third Base;SS
111090;Jeff Blauser;Jeff;NULL;NULL;SS
124006;Jim Weaver;Jim;P;Pitcher;P
115058;Joe Graves;Joe;3B;Third Base;3B
113849;Steve Engel;Steve;P;Pitcher;P
113098;Brock Davis;Brock;CF;Outfielder;CF
113688;Don Eaddy;Don;NULL;NULL;3B
111305;Bob Bowman;Bob;P;Pitcher;P
110195;Porfi Altamirano;Porfi;P;Pitcher;P
111941;Bill Campbell;Bill;P;Pitcher;P
122152;Tommy Shields;Tommy;2B;Second Base;3B
122007;Dan Serafini;Dan;P;Pitcher;P
117458;Don Landrum;Don;CF;Outfielder;CF
120599;Marc Pisciotta;Marc;P;Pitcher;P
124359;Jim Willis;Jim;P;Pitcher;P
115104;Willie Greene;Willie;3B;Third Base;3B
115188;Greg Gross;Greg;CF;Outfielder;LF
118624;Lindy McDaniel;Lindy;P;Pitcher;P
121886;Barney Schultz;Barney;P;Pitcher;P
120128;Orval Overall;Orval;P;Pitcher;P
117300;Ken Kravec;Ken;P;Pitcher;P
116679;Davy Jones;Davy;RF;Outfielder;LF
119488;Terry Mulholland;Terry;P;Pitcher;P
122320;Sterling Slaughter;Sterling;P;Pitcher;P
116918;Mick Kelleher;Mick;SS;Shortstop;SS
123991;Eddie Watt;Eddie;P;Pitcher;P
123872;Lee Walls;Lee;LF;Outfielder;RF
425485;Feli Sanchez;Feli;P;Pitcher;P
119747;Ray Newman;Ray;P;Pitcher;P
118120;Greg Maddu;Greg;P;Pitcher;P
119292;Donnie Moore;Donnie;P;Pitcher;P
117422;Jack Lamabe;Jack;P;Pitcher;P
114421;Larry French;Larry;P;Pitcher;P
117333;Chris Krug;Chris;C;Catcher;C
111641;Clay Bryant;Clay;P;Pitcher;P
121315;Jeff Robinson;Jeff;P;Pitcher;P
111006;Doug Bird;Doug;P;Pitcher;P
115010;Earl Grace;Earl;C;Catcher;C
111268;Ed Bouchee;Ed;1B;First Base;1B
120176;Karl Pagel;Karl;NULL;NULL;1B
122375;Earl Smith;Earl;LF;Outfielder;OF
150093;Alfonso Soriano;Alfonso;LF;Outfielder;LF
430900;Michael Wuertz;Michael;P;Pitcher;P
110678;Johnny Bates;Johnny;CF;Outfielder;CF
113059;Bobby Darwin;Bobby;NULL;NULL;RF
121017;Phil Regan;Phil;P;Pitcher;P
123803;Matt Walbeck;Matt;C;Catcher;C
111476;Leon Brinkopf;Leon;SS;Shortstop;SS
116951;Joe Kelly;Joe;1B;First Base;LF
114205;Ma Flack;Ma;RF;Outfielder;RF
118827;Norm McMillan;Norm;2B;Second Base;3B
110063;Bobby Adams;Bobby;3B;Third Base;3B
121785;Bob Scheffing;Bob;C;Catcher;C
119128;Ward Miller;Ward;CF;Outfielder;LF
121087;Ed Reulbach;Ed;P;Pitcher;P
120412;Mike Perez;Mike;P;Pitcher;P
112362;Tommy Clarke;Tommy;C;Catcher;C
460003;Taylor Teagarden;Taylor;C;Catcher;C
110713;Jose Bautista;Jose;P;Pitcher;P
122996;Rick Sutcliffe;Rick;P;Pitcher;P
534428;Esmailin Caridad;Esmailin;P;Pitcher;P
124523;Tony Womack;Tony;2B;Second Base;2B
117616;Bill Lee;Bill;P;Pitcher;P
111513;Mandy Brooks;Mandy;RF;Outfielder;CF
121398;Dan Rohn;Dan;NULL;NULL;2B
346848;John Grabow;John;P;Pitcher;P
116094;Billy Holm;Billy;C;Catcher;C
121930;Pete Scott;Pete;RF;Outfielder;RF
122700;Ed Stauffer;Ed;P;Pitcher;P
435220;Ryan Sweeney;Ryan;CF;Outfielder;RF
116603;Lance Johnson;Lance;CF;Outfielder;CF
453539;Sam Fuld;Sam;LF;Outfielder;LF
112084;James Casey;James;3B;Third Base;3B
621550;Patrick Wisdom;Patrick;1B;First Base;1B
110554;Bret Barberie;Bret;NULL;NULL;2B
150040;Jose Molina;JosĂ©;C;Catcher;C
122830;Steve Stone;Steve;P;Pitcher;P
114576;Bob Garbark;Bob;C;Catcher;C
112176;Cliff Chambers;Cliff;P;Pitcher;P
656803;James Norwood;James;P;Pitcher;P
112141;Bill Caudill;Bill;P;Pitcher;P
117829;Jack Littrell;Jack;SS;Shortstop;SS
124636;Marvell Wynne;Marvell;CF;Outfielder;CF
116650;Jay Johnstone;Jay;NULL;NULL;RF
518553;Steve Cishek;Steve;P;Pitcher;P
641355;Cody Bellinger;Cody;RF;Outfielder;CF
112545;Clint Compton;Clint;P;Pitcher;P
543089;Taylor Davis;Taylor;C;Catcher;C
111533;Brant Brown;Brant;NULL;NULL;LF
122251;Randall Simon;Randall;1B;First Base;1B
116511;Hal Jeffcoat;Hal;P;Pitcher;P
114441;Owen Friend;Owen;2B;Second Base;2B
122902;George Stueland;George;P;Pitcher;P
605388;Adam Morgan;Adam;P;Pitcher;P
114711;George Gerberman;George;P;Pitcher;P
111905;Dolph Camilli;Dolph;1B;First Base;1B
111264;Kent Bottenfield;Kent;P;Pitcher;P
543401;Jason Kipnis;Jason;2B;Second Base;2B
596825;Robel Garcia;Robel;2B;Second Base;2B
117593;Hal Leathers;Hal;SS;Shortstop;SS
673548;Seiya Suzuki;Seiya;RF;Outfielder;RF
643565;Mike Tauchman;Mike;CF;Outfielder;RF
119707;Lynn Nelson;Lynn;P;Pitcher;P
456121;Chris Denorfia;Chris;LF;Outfielder;RF
120133;Mickey Owen;Mickey;C;Catcher;C
120167;Andy Pafko;Andy;CF;Outfielder;CF
451192;James Adduci;James;RF;Outfielder;1B
110045;Red Adams;Red;P;Pitcher;P
117080;Jim King;Jim;RF;Outfielder;RF
110303;Jimmy Archer;Jimmy;C;Catcher;C
115196;Ernie Groth;Ernie;P;Pitcher;P
150295;Micah Bowie;Micah;P;Pitcher;P
113366;Pickles Dillhoefer;Pickles;C;Catcher;C
665804;Miguel Amaya;Miguel;C;Catcher;C
115809;Billy Herman;Billy;2B;Second Base;2B
119837;Fred Norman;Fred;P;Pitcher;P
471083;Miguel Montero;Miguel;C;Catcher;C
123252;Lee Thomas;Lee;NULL;NULL;OF
121565;Rip Russell;Rip;1B;First Base;1B
122606;Carl Spongberg;Carl;P;Pitcher;P
111173;Jim Bolger;Jim;NULL;NULL;CF
121622;Vic Saier;Vic;1B;First Base;1B
121878;Art Schult;Art;1B;First Base;1B
112725;Ensign Cottrell;Ensign;P;Pitcher;P
124520;Harry Wolter;Harry;RF;Outfielder;OF
430683;Justin Germano;Justin;P;Pitcher;P
429717;Dan Haren;Dan;P;Pitcher;P
119929;Ken O'Dea;Ken;C;Catcher;C
120167;Andy Pafko;Andy;3B;Third Base;CF
461865;Andrew Romine;Andrew;SS;Shortstop;SS
115853;Leroy Herrmann;Leroy;P;Pitcher;P
444844;Jake Fo;Jake;NULL;NULL;LF
115348;Mel Hall;Mel;NULL;NULL;LF
118033;Dummy Lynch;Dummy;2B;Second Base;2B
111939;Gilly Campbell;Gilly;C;Catcher;C
448179;Rich Hill;Rich;P;Pitcher;P
117354;Harvey Kuenn;Harvey;LF;Outfielder;SS
594986;Kyle Ryan;Kyle;P;Pitcher;P
117444;Les Lancaster;Les;P;Pitcher;P
119749;Bobo Newsom;Bobo;P;Pitcher;P
123305;Scot Thompson;Scot;NULL;NULL;RF
117334;Gene Krug;Gene;NULL;NULL;PH
114573;Joe Garagiola;Joe;C;Catcher;C
112899;Hector Cruz;Hector;NULL;NULL;3B
114861;Jim Gleeson;Jim;RF;Outfielder;RF
122915;Tanyon Sturtze;Tanyon;P;Pitcher;P
110067;Terry Adams;Terry;P;Pitcher;P
118533;Bill McCabe;Bill;2B;Second Base;RF
115609;Joe Hatten;Joe;P;Pitcher;P
119764;Dolan Nichols;Dolan;P;Pitcher;P
112536;Jorge Comellas;Jorge;P;Pitcher;P
124580;Tim Worrell;Tim;P;Pitcher;P
123811;Rube Walker;Rube;C;Catcher;C
111921;Vin Campbell;Vin;CF;Outfielder;CF
123466;Manny Trillo;Manny;1B;First Base;2B
122573;Chris Speier;Chris;3B;Third Base;SS
111050;Tim Blackwell;Tim;C;Catcher;C
121169;Beryl Richmond;Beryl;P;Pitcher;P
111192;Julio Bonetti;Julio;P;Pitcher;P
115257;Frankie Gustine;Frankie;3B;Third Base;2B
123130;Danny Taylor;Danny;LF;Outfielder;OF
117712;Roy Leslie;Roy;1B;First Base;1B
118323;Jim Marshall;Jim;1B;First Base;1B
118115;Clarence Maddern;Clarence;1B;First Base;LF
118361;Carmelo Martinez;Carmelo;1B;First Base;LF
110091;Hank Aguirre;Hank;P;Pitcher;P
547172;Tony Wolters;Tony;C;Catcher;C
430592;Ronny Cedeno;Ronny;2B;Second Base;SS
117587;Fred Lear;Fred;1B;First Base;3B
113514;Tom Downey;Tom;SS;Shortstop;SS
500674;Eduardo Sanchez;Eduardo;P;Pitcher;P
112279;Len Church;Len;P;Pitcher;P
122754;John Stephenson;John;NULL;NULL;C
113576;Dick Drott;Dick;P;Pitcher;P
112940;Will Cune;Will;P;Pitcher;P
118276;Rabbit Maranville;Rabbit;SS;Shortstop;SS
150182;Scott Williamson;Scott;P;Pitcher;P
120606;Clarke Pittenger;Clarke;SS;Shortstop;SS
121903;Bill Schuster;Bill;SS;Shortstop;SS
119717;Dick Nen;Dick;1B;First Base;1B
115864;Buck Herzog;Buck;2B;Second Base;2B
120047;Kevin Orie;Kevin;3B;Third Base;3B
113365;Steve Dillard;Steve;2B;Second Base;2B
113112;Tommy Davis;Tommy;LF;Outfielder;LF
122644;Matt Stairs;Matt;1B;First Base;RF
435400;Jason Motte;Jason;P;Pitcher;P
110129;Manny Aleander;Manny;SS;Shortstop;SS
121709;Ed Sauer;Ed;LF;Outfielder;LF
475479;David Phelps;David;P;Pitcher;P
608365;Addison Russell;Addison;SS;Shortstop;SS
450641;Quintin Berry;Quintin;NULL;NULL;LF
425557;Jeff Baker;Jeff;NULL;NULL;2B
119834;Irv Noren;Irv;NULL;NULL;CF
575929;Willson Contreras;Willson;C;Catcher;C
124739;Eduardo Zambrano;Eduardo;NULL;NULL;OF
119497;Eddie Mulligan;Eddie;SS;Shortstop;3B
448753;Justin Berg;Justin;P;Pitcher;P
114441;Owen Friend;Owen;NULL;NULL;2B
123127;Chink Taylor;Chink;LF;Outfielder;OF
455088;Blake DeWitt;Blake;NULL;NULL;2B
111603;Byron Browne;Byron;RF;Outfielder;LF
123572;John Upham;John;NULL;NULL;P
121071;Steve Renko;Steve;P;Pitcher;P
474865;Julio Borbon;Julio;NULL;NULL;CF
502133;Adrian Cardenas;Adrian;NULL;NULL;2B
118471;Derrick May;Derrick;LF;Outfielder;LF
123937;Lon Warneke;Lon;P;Pitcher;P
435044;Scott Baker;Scott;P;Pitcher;P
114861;Jim Gleeson;Jim;CF;Outfielder;RF
121270;Kevin Roberson;Kevin;RF;Outfielder;RF
543698;Donn Roach;Donn;P;Pitcher;P
123714;Tom Veryzer;Tom;SS;Shortstop;SS
114504;Len Gabrielson;Len;RF;Outfielder;LF
621020;Dansby Swanson;Dansby;SS;Shortstop;SS
111471;Jim Brillheart;Jim;P;Pitcher;P
115049;George Grantham;George;3B;Third Base;2B
112024;Bob Carpenter;Bob;P;Pitcher;P
116343;Walt Huntzinger;Walt;P;Pitcher;P
111206;Zeke Bonura;Zeke;1B;First Base;1B
120316;Ted Pawelek;Ted;C;Catcher;C
118551;Jack McCarthy;Jack;LF;Outfielder;LF
124560;Gary Woods;Gary;LF;Outfielder;CF
121500;Jack Rowan;Jack;P;Pitcher;P
276512;Mario Encarnacion;Mario;LF;Outfielder;LF
122233;Charles Silvera;Charles;C;Catcher;C
682634;Kevin Alcantara;Kevin;RF;Outfielder;RF
121581;Dick Ruthven;Dick;P;Pitcher;P
117518;Al Lary;Al;NULL;NULL;P
488776;Jaye Chapman;Jaye;P;Pitcher;P
132720;Paul Bako;Paul;C;Catcher;C
119887;Mike O'Berry;Mike;C;Catcher;C
571804;Brett Jackson;Brett;CF;Outfielder;CF
435080;Thomas Diamond;Thomas;P;Pitcher;P
656730;Trevor Megill;Trevor;P;Pitcher;P
407908;Joel Peralta;Joel;P;Pitcher;P
118115;Clarence Maddern;Clarence;LF;Outfielder;LF
118297;Gonzalo Marquez;Gonzalo;1B;First Base;1B
117045;Pete Kilduff;Pete;SS;Shortstop;2B
592716;Adrian Sampson;Adrian;P;Pitcher;P
116403;Monte Irvin;Monte;LF;Outfielder;LF
113652;Kid Durbin;Kid;P;Pitcher;CF
113098;Brock Davis;Brock;NULL;NULL;CF
663845;Alfonso Rivas III;Alfonso;1B;First Base;1B
543148;Tim Federowicz;Tim;C;Catcher;C
110065;Mike Adams;Mike;LF;Outfielder;LF
121992;Dick Selma;Dick;P;Pitcher;P
117306;Mickey Kreitner;Mickey;C;Catcher;C
122241;Curt Simmons;Curt;P;Pitcher;P
111778;Ellis Burton;Ellis;CF;Outfielder;CF
114985;Johnny Goryl;Johnny;3B;Third Base;2B
112452;Hy Cohen;Hy;P;Pitcher;P
116852;Eric Karros;Eric;1B;First Base;1B
115719;Al Heist;Al;CF;Outfielder;CF
116038;Solly Hofman;Solly;2B;Second Base;CF
118806;Larry McLean;Larry;C;Catcher;C
116469;Art Jahn;Art;LF;Outfielder;LF
120123;Dave Otto;Dave;P;Pitcher;P
114989;Rich Gossage;Rich;P;Pitcher;P
641684;Michael Hermosillo;Michael;NULL;NULL;CF
123708;Randy Veres;Randy;P;Pitcher;P
112931;Ray Culp;Ray;P;Pitcher;P
114702;Charles George;Charles;C;Catcher;C
110757;Clyde Beck;Clyde;3B;Third Base;3B
121260;Mel Roach;Mel;NULL;NULL;2B
116727;Sheldon Jones;Sheldon;P;Pitcher;P
111055;Clarence Blair;Clarence;3B;Third Base;2B
606019;Esteban Quiroz;Esteban;2B;Second Base;3B
490063;Matt Garza;Matt;P;Pitcher;P
121841;Johnny Schmitz;Johnny;P;Pitcher;P
122954;John Sullivan;John;LF;Outfielder;OF
111830;John Buzhardt;John;P;Pitcher;P
117310;Jim Kremmel;Jim;P;Pitcher;P
115629;LaTroy Hawkins;LaTroy;P;Pitcher;P
115481;Dick Harley;Dick;RF;Outfielder;LF
118163;Pat Mahomes;Pat;P;Pitcher;P
112925;Dick Culler;Dick;SS;Shortstop;SS
119293;Earl Moore;Earl;P;Pitcher;P
118385;Joe Marty;Joe;CF;Outfielder;CF
121167;Elwood Richie;Elwood;P;Pitcher;P
110995;Steve Bilko;Steve;1B;First Base;1B
123090;Kevin Tapani;Kevin;P;Pitcher;P
115903;Kirby Higbe;Kirby;P;Pitcher;P
110634;John Barry;John;1B;First Base;RF
114036;Bill Faul;Bill;P;Pitcher;P
122361;Charlie Smith;Charlie;P;Pitcher;P
123842;Todd Walker;Todd;2B;Second Base;2B
434636;Angel Pagan;Ăngel;CF;Outfielder;CF
121890;Joe Schultz;Joe;2B;Second Base;RF
124771;Heinie Zimmerman;Heinie;2B;Second Base;3B
150438;Rodrigo Lopez;Rodrigo;P;Pitcher;P
123392;Ron Tompkins;Ron;P;Pitcher;P
122590;Rob Sperring;Rob;3B;Third Base;2B
121567;Jack Russell;Jack;P;Pitcher;P
493117;Kyuji Fujikawa;Kyuji;P;Pitcher;P
430917;Mike Fontenot;Mike;2B;Second Base;2B
425487;Todd Wellemeyer;Todd;P;Pitcher;P
493157;Koji Uehara;Koji;P;Pitcher;P
116207;Del Howard;Del;1B;First Base;1B
112721;Dick Cotter;Dick;C;Catcher;C
111682;Scott Bullett;Scott;NULL;NULL;LF
407155;Craig Monroe;Craig;RF;Outfielder;LF
110552;Turner Barber;Turner;LF;Outfielder;LF
542923;Dallas Beeler;Dallas;P;Pitcher;P
110840;Mark Bellhorn;Mark;2B;Second Base;2B
118660;Chuck McElroy;Chuck;P;Pitcher;P
117364;Jeff Kunkel;Jeff;NULL;NULL;SS
111415;Danny Breeden;Danny;C;Catcher;C
136725;Matt Clement;Matt;P;Pitcher;P
407781;Marlon Byrd;Marlon;CF;Outfielder;CF
122779;Jimmy Stewart;Jimmy;SS;Shortstop;LF
450314;Ben Zobrist;Ben;2B;Second Base;2B
488984;Tommy Hunter;Tommy;P;Pitcher;P
114189;Howard Fitzgerald;Howard;RF;Outfielder;LF
117055;Bill Killefer;Bill;C;Catcher;C
121945;Dick Scott;Dick;P;Pitcher;P
118958;Orlando Merced;Orlando;NULL;NULL;RF
121459;Dave Rosello;Dave;NULL;NULL;2B
110934;Joe Berry;Joe;P;Pitcher;P
122398;Greg Smith;Greg;2B;Second Base;2B
118352;Stu Martin;Stu;2B;Second Base;2B
542914;Anthony Bass;Anthony;P;Pitcher;P
519333;Matt Szczur;Matt;RF;Outfielder;LF
449079;Wesley Wright;Wesley;P;Pitcher;P
122666;Eddie Stanky;Eddie;2B;Second Base;2B
120872;Dave Rader;Dave;C;Catcher;C
116370;Herb Hutson;Herb;P;Pitcher;P
116426;Darrin Jackson;Darrin;CF;Outfielder;CF
425542;Koyie Hill;Koyie;C;Catcher;C
115680;Bill Heath;Bill;NULL;NULL;C
123261;Red Thomas;Red;CF;Outfielder;OF
112199;Harry Chapman;Harry;C;Catcher;C
113539;Moe Drabowsky;Moe;P;Pitcher;P
115638;Jack Hayden;Jack;RF;Outfielder;RF
663538;Nico Hoerner;Nico;2B;Second Base;2B
117764;Gene Lillard;Gene;SS;Shortstop;P
117044;Brooks Kieschnick;Brooks;NULL;NULL;P
120413;Neifi Perez;Neifi;SS;Shortstop;SS
115007;Mark Grace;Mark;1B;First Base;1B
543894;Logan Watkins;Logan;NULL;NULL;2B
115882;Jack Hiatt;Jack;C;Catcher;C
656364;Greg Deichmann;Greg;RF;Outfielder;OF
110533;Ernie Banks;Ernie;1B;First Base;1B
472490;Jae Kuk Ryu;Jae Kuk;P;Pitcher;P
111132;John Boccabella;John;C;Catcher;C
502273;Mike Freeman;Mike;2B;Second Base;SS
110221;Vicente Amor;Vicente;P;Pitcher;P
120045;Rey Ordonez;Rey;SS;Shortstop;SS
121995;Mike Sember;Mike;NULL;NULL;3B
489232;Anthony Recker;Anthony;C;Catcher;C
445156;Sean Marshall;Sean;P;Pitcher;P
114034;Darcy Fast;Darcy;P;Pitcher;P
115835;Chico Herdez;Chico;C;Catcher;C
117666;Richard LeMay;Richard;P;Pitcher;P
122643;Tuck Stainback;Tuck;CF;Outfielder;OF
120926;Lenny Randle;Lenny;3B;Third Base;3B
121721;Ted Savage;Ted;RF;Outfielder;LF
121763;Joe Schaffernoth;Joe;P;Pitcher;P
117072;Ralph Kiner;Ralph;LF;Outfielder;LF
116795;Billy Jurges;Billy;3B;Third Base;SS
123155;Sammy Taylor;Sammy;C;Catcher;C
342192;Oswaldo Mairena;Oswaldo;P;Pitcher;P
117961;Terrell Lowery;Terrell;NULL;NULL;CF
110174;Milo Allison;Milo;CF;Outfielder;RF
456496;Marcos Mateo;Marcos;P;Pitcher;P
123313;Andre Thornton;Andre;1B;First Base;DH
113212;Ivan De Jesus;Ivan;SS;Shortstop;SS
114370;Ken Frailing;Ken;P;Pitcher;P
456655;Ian Stewart;Ian;3B;Third Base;3B
133982;Bob Howry;Bob;P;Pitcher;P
120270;Dode Paskert;Dode;CF;Outfielder;CF
122560;Al Spangler;Al;RF;Outfielder;LF
452657;Jon Lester;Jon;P;Pitcher;P
116650;Jay Johnstone;Jay;RF;Outfielder;RF
117868;Bob Logan;Bob;P;Pitcher;P
115572;Gabby Hartnett;Gabby;C;Catcher;C
114497;Fred Fussell;Fred;P;Pitcher;P
123926;Preston Ward;Preston;1B;First Base;1B
123079;Bob Talbot;Bob;CF;Outfielder;OF
543343;Danny Hultzen;Danny;P;Pitcher;P
119306;Johnny Moore;Johnny;LF;Outfielder;RF
124412;Hack Wilson;Hack;CF;Outfielder;OF
119405;Ed Morris;Ed;P;Pitcher;P
121056;Ken Reitz;Ken;3B;Third Base;3B
592609;Mike Olt;Mike;3B;Third Base;3B
116982;Junior Kennedy;Junior;2B;Second Base;2B
122525;Marcelino Solis;Marcelino;P;Pitcher;P
113385;Frank DiPino;Frank;P;Pitcher;P
114400;Buck Freeman;Buck;P;Pitcher;P
118127;Bill Madlock;Bill;3B;Third Base;3B
116618;Footer Johnson;Footer;NULL;NULL;PH
118790;Polly McLarry;Polly;2B;Second Base;2B
115303;Rip Hagerman;Rip;P;Pitcher;P
117462;Bill Landrum;Bill;P;Pitcher;P
501925;Joe Smith;Joe;P;Pitcher;P
122226;Walter Signer;Walter;P;Pitcher;P
282879;Michael Restovich;Michael;NULL;NULL;RF
118785;Jim McKnight;Jim;2B;Second Base;3B
120496;Jack Pfiester;Jack;P;Pitcher;P
121882;Johnny Schulte;Johnny;C;Catcher;C
445933;Bryan LaHair;Bryan;1B;First Base;1B
122774;Tuffy Stewart;Tuffy;OF;Outfield;OF
121379;Billy Rogell;Billy;SS;Shortstop;SS
112720;Hooks Cotter;Hooks;1B;First Base;1B
117020;Mel Kerr;Mel;PR;Pinch Runner;PR
115686;Richie Hebner;Richie;NULL;NULL;3B
429712;Feli Pie;Feli;CF;Outfielder;LF
117758;Jon Lieber;Jon;P;Pitcher;P
110199;George Altman;George;RF;Outfielder;RF
400089;Rafael Soriano;Rafael;P;Pitcher;P
116530;Robin Jennings;Robin;NULL;NULL;RF
124290;Billy Williams;Billy;1B;First Base;OF
121697;Ron Santo;Ron;3B;Third Base;3B
676714;Brandon Hughes;Brandon;P;Pitcher;P
543228;Yan Gomes;Yan;C;Catcher;C
150168;Cole Liniak;Cole;NULL;NULL;3B
116918;Mick Kelleher;Mick;3B;Third Base;SS
121178;Marv Rickert;Marv;LF;Outfielder;LF
118948;John Menefee;John;P;Pitcher;P
600869;Jeimer Candelario;Jeimer;3B;Third Base;3B
112860;Ken Crosby;Ken;P;Pitcher;P
605218;Carl Edwards Jr.;Carl;P;Pitcher;P
676724;Jared Young;Jared;DH;Designated Hitter;1B
121102;Carl Reynolds;Carl;LF;Outfielder;RF
119687;Art Nehf;Art;P;Pitcher;P
572204;Trayce Thompson;Trayce;RF;Outfielder;RF
119012;Dutch Meyer;Dutch;2B;Second Base;2B
124741;Oscar Zamora;Oscar;P;Pitcher;P
425650;Jason Dubois;Jason;NULL;NULL;LF
120159;Gene Packard;Gene;P;Pitcher;P
664123;Scott Effross;Scott;P;Pitcher;P
114075;Frank Ferdez;Frank;NULL;NULL;C
349192;Joey Nation;Joey;P;Pitcher;P
124439;Ed Winceniak;Ed;SS;Shortstop;3B
133260;Jesus Sanchez;Jesus;P;Pitcher;P
608652;Luke Farrell;Luke;P;Pitcher;P
543508;Cory Mazzoni;Cory;P;Pitcher;P
119272;Al Montreuil;Al;2B;Second Base;2B
541650;Hernan Perez;HernĂˇn;NULL;NULL;SS
656494;Taylor Gushue;Taylor;C;Catcher;C
115748;Ken Henderson;Ken;NULL;NULL;CF
119038;Matt Mieske;Matt;LF;Outfielder;RF
123593;Mike Vail;Mike;NULL;NULL;RF
120308;Mike Paul;Mike;P;Pitcher;P
123530;Babe Twombly;Babe;CF;Outfielder;OF
116247;Mike Hubbard;Mike;C;Catcher;C
111969;Mike Capel;Mike;P;Pitcher;P
119347;Mickey Morandini;Mickey;2B;Second Base;2B
110650;Vince Barton;Vince;RF;Outfielder;RF
119847;Ron Northey;Ron;NULL;NULL;RF
407845;Ferdo Rodney;Ferdo;P;Pitcher;P
452221;Eric Patterson;Eric;NULL;NULL;LF
112981;Mike Cvengros;Mike;P;Pitcher;P
123854;Jack Wallace;Jack;C;Catcher;C
119511;Jerry Mumphrey;Jerry;NULL;NULL;CF
123724;Hector Villanueva;Hector;C;Catcher;C
111132;John Boccabella;John;NULL;NULL;C
110213;Joey Amalfitano;Joey;NULL;NULL;2B
459999;Jeff Stevens;Jeff;P;Pitcher;P
114403;Hersh Freeman;Hersh;P;Pitcher;P
123868;Tye Waller;Tye;NULL;NULL;3B
119352;Seth Morehead;Seth;P;Pitcher;P
110213;Joey Amalfitano;Joey;2B;Second Base;2B
120811;Ed Putman;Ed;C;Catcher;C
110709;Frank Baumholtz;Frank;CF;Outfielder;RF
116455;Ray Jacobs;Ray;PH;Pinch Hitter;PH
111233;Rich Bordi;Rich;P;Pitcher;P
435625;Nate Schierholtz;Nate;RF;Outfielder;RF
119975;Troy O'Leary;Troy;NULL;NULL;LF
117340;Mike Krukow;Mike;P;Pitcher;P
123535;Lefty Tyler;Lefty;P;Pitcher;P
111072;Henry Blanco;Henry;C;Catcher;C
117210;Darold Knowles;Darold;P;Pitcher;P
110774;Glenn Beckert;Glenn;2B;Second Base;2B
123308;Bobby Thomson;Bobby;LF;Outfielder;CF
117141;Chuck Klein;Chuck;LF;Outfielder;RF
118359;Sandy Martinez;Sandy;C;Catcher;C
112480;Joe Coleman;Joe;P;Pitcher;P
110117;Dale Alderson;Dale;P;Pitcher;P
118987;Steve Mesner;Steve;SS;Shortstop;3B
150396;Milton Bradley;Milton;RF;Outfielder;CF
119001;Roger Metzger;Roger;SS;Shortstop;SS
121138;Hal Rice;Hal;NULL;NULL;LF
116918;Mick Kelleher;Mick;2B;Second Base;SS
112955;Clarence Currie;Clarence;P;Pitcher;P
118099;Steve Macko;Steve;SS;Shortstop;2B
116312;Bert Humphries;Bert;P;Pitcher;P
572955;Pierce Johnson;Pierce;P;Pitcher;P
118132;Dave Magadan;Dave;3B;Third Base;3B
119667;Jaime Navarro;Jaime;P;Pitcher;P
118158;Ron Mahay;Ron;P;Pitcher;P
115808;Babe Herman;Babe;RF;Outfielder;RF
110979;Mike Bielecki;Mike;P;Pitcher;P
121459;Dave Rosello;Dave;SS;Shortstop;2B
123815;Chico Walker;Chico;RF;Outfielder;OF
474029;Zach Putnam;Zach;P;Pitcher;P
150168;Cole Liniak;Cole;3B;Third Base;3B
119355;Keith Moreland;Keith;RF;Outfielder;RF
120175;Vance Page;Vance;P;Pitcher;P
121864;Hank Schreiber;Hank;3B;Third Base;3B
121089;Rick Reuschel;Rick;P;Pitcher;P
113802;Allen Elliott;Allen;1B;First Base;1B
502273;Mike Freeman;Mike;SS;Shortstop;SS
110174;Milo Allison;Milo;RF;Outfielder;RF
115037;Ale Grammas;Ale;SS;Shortstop;SS
118913;Russ Meers;Russ;P;Pitcher;P
111106;Cy Block;Cy;2B;Second Base;3B
112146;Phil Cavarretta;Phil;RF;Outfielder;1B
122755;Joe Stephenson;Joe;C;Catcher;C
114773;Charlie Gilbert;Charlie;LF;Outfielder;CF
112467;King Cole;King;P;Pitcher;P
112568;Fritzie Connally;Fritzie;NULL;NULL;3B
117517;Tony La Russa;Tony;NULL;NULL;2B
113645;Shawon Dunston;Shawon;NULL;NULL;SS
122307;Jimmy Slagle;Jimmy;LF;Outfielder;OF
334393;Juan Pierre;Juan;CF;Outfielder;CF
400131;Courtney Duncan;Courtney;P;Pitcher;P
119095;Laurence Miller;Laurence;LF;Outfielder;LF
115436;Dave Hansen;Dave;3B;Third Base;3B
121270;Kevin Roberson;Kevin;NULL;NULL;RF
664023;Ian Happ;Ian;LF;Outfielder;LF
219494;Steve Rain;Steve;P;Pitcher;P
114798;Johnny Gill;Johnny;LF;Outfielder;LF
112425;Andy Coakley;Andy;P;Pitcher;P
115188;Greg Gross;Greg;NULL;NULL;LF
120740;Willie Prall;Willie;P;Pitcher;P
113817;Jim Ellis;Jim;P;Pitcher;P
117230;Mark Koenig;Mark;SS;Shortstop;SS
115831;Ramon Herdez;Ramon;P;Pitcher;P
121478;Gary Ross;Gary;P;Pitcher;P
453562;Jake Arrieta;Jake;P;Pitcher;P
119333;Jerry Morales;Jerry;RF;Outfielder;RF
111682;Scott Bullett;Scott;LF;Outfielder;LF
111250;Shawn Boskie;Shawn;P;Pitcher;P
111895;Johnny Callison;Johnny;RF;Outfielder;RF
275935;Ruben Quevedo;Ruben;P;Pitcher;P
114985;Johnny Goryl;Johnny;2B;Second Base;2B
672744;Aleander Canario;Aleander;DH;Designated Hitter;LF
571670;Dylan Floro;Dylan;P;Pitcher;P
116522;Fergie Jenkins;Fergie;P;Pitcher;P
122565;Bob Speake;Bob;LF;Outfielder;OF
121283;Robin Roberts;Robin;P;Pitcher;P
115465;Jack Hardy;Jack;C;Catcher;C
448605;Justin Ruggiano;Justin;RF;Outfielder;CF
123540;Jim Tyrone;Jim;NULL;NULL;OF
116814;Don Kaiser;Don;P;Pitcher;P
124230;Bob Wicker;Bob;P;Pitcher;P
488768;Andrew Cashner;Andrew;P;Pitcher;P
122721;Randy Stein;Randy;P;Pitcher;P
621512;Tomas Nido;TomĂˇs;C;Catcher;C
124587;Chuck Wortman;Chuck;SS;Shortstop;SS
543557;Mike Montgomery;Mike;P;Pitcher;P
121036;Hal Reilly;Hal;LF;Outfielder;LF
489166;Thomas Neal;Thomas;LF;Outfielder;LF
121209;George Riley;George;P;Pitcher;P
519333;Matt Szczur;Matt;LF;Outfielder;LF
110763;Rod Beck;Rod;P;Pitcher;P
122205;Terry Shumpert;Terry;NULL;NULL;2B
110617;Bob Barrett;Bob;2B;Second Base;3B
124439;Ed Winceniak;Ed;NULL;NULL;3B
119043;Eddie Miksis;Eddie;CF;Outfielder;2B
110057;Karl Adams;Karl;P;Pitcher;P
115153;Tommy Griffith;Tommy;RF;Outfielder;RF
136603;Jason Mawell;Jason;NULL;NULL;2B
112749;Billy Cowan;Billy;CF;Outfielder;CF
444875;Matt Murton;Matt;LF;Outfielder;LF
122544;Sammy Sosa;Sammy;CF;Outfielder;RF
121178;Marv Rickert;Marv;CF;Outfielder;LF
119648;Buddy Napier;Buddy;P;Pitcher;P
114070;Feli Fermin;Feli;2B;Second Base;SS
120426;Jon Perlman;Jon;P;Pitcher;P
115413;Bill Hands;Bill;P;Pitcher;P
114936;Mike Gonzalez;Mike;C;Catcher;C
453646;Carlos Villanueva;Carlos;P;Pitcher;P
123419;Paul Toth;Paul;P;Pitcher;P
294558;avier Nady;avier;1B;First Base;RF
118008;Tom Lundstedt;Tom;C;Catcher;C
543894;Logan Watkins;Logan;2B;Second Base;2B
113446;Ed Donnelly;Ed;P;Pitcher;P
150063;Wade Miller;Wade;P;Pitcher;P
110426;Ed Baecht;Ed;P;Pitcher;P
121224;Allen Ripley;Allen;P;Pitcher;P
488689;Mike Bater;Mike;NULL;NULL;RF
123047;Les Sweetland;Les;P;Pitcher;P
111466;John Briggs;John;P;Pitcher;P
123030;Dave Swartzbaugh;Dave;P;Pitcher;P
116458;Merwin Jacobson;Merwin;RF;Outfielder;CF
120445;Pat Perry;Pat;P;Pitcher;P
434636;Angel Pagan;Ăngel;LF;Outfielder;CF
115753;Bob Hendley;Bob;P;Pitcher;P
117401;Doyle Lade;Doyle;P;Pitcher;P
120778;Mike Proly;Mike;P;Pitcher;P
123350;Ozzie Timmons;Ozzie;NULL;NULL;LF
114499;Mike Fyhrie;Mike;P;Pitcher;P
543022;Tyler Chatwood;Tyler;P;Pitcher;P
621249;Duane Underwood Jr.;Duane;P;Pitcher;P
114393;George Frazier;George;P;Pitcher;P
115218;Marv Gudat;Marv;1B;First Base;1B
113171;Wayland Dean;Wayland;P;Pitcher;P
120908;Domingo Ramos;Domingo;SS;Shortstop;SS
467094;Feli Doubront;Feli;P;Pitcher;P
122764;Dave Stevens;Dave;P;Pitcher;P
121287;Daryl Robertson;Daryl;SS;Shortstop;SS
122080;Bob Shaw;Bob;P;Pitcher;P
123593;Mike Vail;Mike;RF;Outfielder;RF
118092;Bill Mack;Bill;P;Pitcher;P
445055;Jon Jay;Jon;LF;Outfielder;CF
456078;Welington Castillo;Welington;C;Catcher;C
112702;Red Corriden;Red;3B;Third Base;SS
119030;Ed Mickelson;Ed;NULL;NULL;1B
455730;Jason Waddell;Jason;P;Pitcher;P
122471;Willie Smith;Willie;NULL;NULL;LF
119472;Phil Mudrock;Phil;P;Pitcher;P
115822;Willie Herdez;Willie;P;Pitcher;P
114502;Gabe Gabler;Gabe;NULL;NULL;PH
113824;Dick Ellsworth;Dick;P;Pitcher;P
119430;Walt Moryn;Walt;RF;Outfielder;RF
450314;Ben Zobrist;Ben;RF;Outfielder;2B
117024;Don Kessinger;Don;SS;Shortstop;SS
122364;Charley Smith;Charley;NULL;NULL;3B
444135;Ryan Theriot;Ryan;SS;Shortstop;SS
116434;Larry Jackson;Larry;P;Pitcher;P
119444;Mal Moss;Mal;P;Pitcher;P
110639;Dick Bartell;Dick;SS;Shortstop;SS
110306;Jose Arcia;Jose;NULL;NULL;SS
118006;Carl Lundgren;Carl;P;Pitcher;P
123743;Jose Vizcaino;Jose;3B;Third Base;SS
118478;Scott May;Scott;P;Pitcher;P
120671;Paul Popovich;Paul;NULL;NULL;2B
115697;Jim Hegan;Jim;C;Catcher;C
114367;Jimmie Fo;Jimmie;3B;Third Base;1B
115741;Rollie Hemsley;Rollie;C;Catcher;C
111584;Ray Brown;Ray;P;Pitcher;P
116333;Herb Hunter;Herb;3B;Third Base;3B
113646;Todd Dunwoody;Todd;LF;Outfielder;CF
117285;Joe Kraemer;Joe;P;Pitcher;P
542194;Christian Bethancourt;Christian;C;Catcher;C
114293;Barry Foote;Barry;C;Catcher;C
120564;Bill Piercy;Bill;P;Pitcher;P
112146;Phil Cavarretta;Phil;LF;Outfielder;1B
122609;Jerry Spradlin;Jerry;P;Pitcher;P
114983;Hank Gornicki;Hank;P;Pitcher;P
468406;Jonathan Herrera;Jonathan;NULL;NULL;2B
119341;Pat Moran;Pat;C;Catcher;C
112183;Frank Chance;Frank;1B;First Base;1B
119043;Eddie Miksis;Eddie;3B;Third Base;2B
113713;Roy Easterwood;Roy;C;Catcher;C
124200;Earl Whitehill;Earl;P;Pitcher;P
112146;Phil Cavarretta;Phil;CF;Outfielder;1B
124768;Don Zimmer;Don;2B;Second Base;3B
120915;Willie Ramsdell;Willie;P;Pitcher;P
116465;Jake Jaeckel;Jake;P;Pitcher;P
118403;Gordon Massa;Gordon;NULL;NULL;C
122630;Eddie Stack;Eddie;P;Pitcher;P
119092;Kurt Miller;Kurt;P;Pitcher;P
121022;Herman Reich;Herman;1B;First Base;1B
111442;Jim Brewer;Jim;P;Pitcher;P
110520;Tony Balsamo;Tony;P;Pitcher;P
114887;John Goetz;John;P;Pitcher;P
119041;Pete Mikkelsen;Pete;P;Pitcher;P
117998;Mike Lum;Mike;NULL;NULL;LF
123952;Carl Warwick;Carl;CF;Outfielder;OF
119374;Mike Morgan;Mike;P;Pitcher;P
122329;Heathcliff Slocumb;Heathcliff;P;Pitcher;P
114389;Chick Fraser;Chick;P;Pitcher;P
123072;Pat Tabler;Pat;3B;Third Base;1B
123650;Todd Van Poppel;Todd;P;Pitcher;P
119430;Walt Moryn;Walt;LF;Outfielder;RF
407779;Francis Beltran;Francis;P;Pitcher;P
113917;Chuck Estrada;Chuck;P;Pitcher;P
663538;Nico Hoerner;Nico;SS;Shortstop;2B
111189;Bobby Bonds;Bobby;CF;Outfielder;RF
114835;Dave Giusti;Dave;P;Pitcher;P
116156;Rogers Hornsby;Rogers;RF;Outfielder;2B
120377;Roberto Pena;Roberto;SS;Shortstop;SS
116153;Trader Horne;Trader;P;Pitcher;P
122347;Aleck Smith;Aleck;CF;Outfielder;C
120083;Bob Osborn;Bob;P;Pitcher;P
134002;Ramon Martinez;Ramon;SS;Shortstop;SS
123176;Amaury Telemaco;Amaury;P;Pitcher;P
121276;Dave Roberts;Dave;P;Pitcher;P
117131;Chris Kitsos;Chris;SS;Shortstop;SS
121665;Ryne Sandberg;Ryne;2B;Second Base;2B
117897;Dale Long;Dale;1B;First Base;1B
122416;Dwight Smith;Dwight;CF;Outfielder;LF
112067;Paul Carter;Paul;P;Pitcher;P
150302;Jason Marquis;Jason;P;Pitcher;P
111819;Johnny Butler;Johnny;3B;Third Base;SS
124044;Jake Weimer;Jake;P;Pitcher;P
400292;Hee-Seop Choi;Hee-Seop;1B;First Base;1B
124739;Eduardo Zambrano;Eduardo;RF;Outfielder;OF
664682;Ryan Meisinger;Ryan;P;Pitcher;P
119003;Ale Metzler;Ale;CF;Outfielder;CF
114000;Jim Fanning;Jim;C;Catcher;C
114117;Jesus Figueroa;Jesus;NULL;NULL;CF
120849;Wimpy Quinn;Wimpy;P;Pitcher;P
122850;Joe Strain;Joe;2B;Second Base;2B
110552;Turner Barber;Turner;1B;First Base;LF
607359;Spencer Patton;Spencer;P;Pitcher;P
435278;Jermaine Van Buren;Jermaine;P;Pitcher;P
120188;Donn Pall;Donn;P;Pitcher;P
110735;Dave Beard;Dave;P;Pitcher;P
124683;Elmer Yoter;Elmer;3B;Third Base;3B
595879;Javier Baez;Javier;2B;Second Base;SS
111393;Kitty Bransfield;Kitty;1B;First Base;1B
150374;Jamie Arnold;Jamie;P;Pitcher;P
113881;Paul Erickson;Paul;P;Pitcher;P
123871;Joe Wallis;Joe;CF;Outfielder;OF
116435;Lou Jackson;Lou;NULL;NULL;RF
117196;Pete Knisely;Pete;LF;Outfielder;RF
120293;Ken Patterson;Ken;P;Pitcher;P
117439;Dennis Lamp;Dennis;P;Pitcher;P
122714;Morrie Steevens;Morrie;P;Pitcher;P
117645;Lefty Leifield;Lefty;P;Pitcher;P
516809;Junior Lake;Junior;LF;Outfielder;LF
123712;Joe Vernon;Joe;P;Pitcher;P
123530;Babe Twombly;Babe;RF;Outfielder;OF
124004;Harry Weaver;Harry;P;Pitcher;P
117070;Jerry Kindall;Jerry;2B;Second Base;2B
114354;Chad Fo;Chad;P;Pitcher;P
121959;Tom Seaton;Tom;P;Pitcher;P
115335;Drew Hall;Drew;P;Pitcher;P
122294;Roe Skidmore;Roe;NULL;NULL;PH
116548;Manny Jimenez;Manny;NULL;NULL;LF
118967;Kent Mercker;Kent;P;Pitcher;P
122008;Bill Serena;Bill;NULL;NULL;3B
110142;Ethan Allen;Ethan;LF;Outfielder;CF
119626;Randy Myers;Randy;P;Pitcher;P
115001;Billy Grabarkewitz;Billy;2B;Second Base;3B
119390;Jim Moroney;Jim;P;Pitcher;P
122918;Chris Stynes;Chris;3B;Third Base;3B
111533;Brant Brown;Brant;1B;First Base;LF
122096;Dave Shean;Dave;2B;Second Base;2B
118340;Jerry Martin;Jerry;CF;Outfielder;CF
543743;Dave Sappelt;Dave;CF;Outfielder;LF
122750;Earl Stephenson;Earl;P;Pitcher;P
120191;Rafael Palmeiro;Rafael;LF;Outfielder;1B
122590;Rob Sperring;Rob;2B;Second Base;2B
119378;Vern Morgan;Vern;NULL;NULL;3B
664731;P.J. Higgins;P.J.;1B;First Base;C
112969;Jack Curtis;Jack;P;Pitcher;P
122307;Jimmy Slagle;Jimmy;CF;Outfielder;OF
407862;Reed Johnson;Reed;RF;Outfielder;LF
123815;Chico Walker;Chico;NULL;NULL;OF
114844;Doug Glanville;Doug;CF;Outfielder;CF
113949;Johnny Evers;Johnny;2B;Second Base;2B
122779;Jimmy Stewart;Jimmy;2B;Second Base;LF
124791;Dutch Zwilling;Dutch;CF;Outfielder;OF
445213;Brandon Kintzler;Brandon;P;Pitcher;P
117961;Terrell Lowery;Terrell;CF;Outfielder;CF
123466;Manny Trillo;Manny;3B;Third Base;2B
400130;Scott Chiasson;Scott;P;Pitcher;P
115396;Ralph Hamner;Ralph;P;Pitcher;P
115471;Bubbles Hargrave;Bubbles;C;Catcher;C
519068;Efren Navarro;Efren;1B;First Base;1B
120727;Bill Powell;Bill;P;Pitcher;P
542924;Jeff Beliveau;Jeff;P;Pitcher;P
115811;Gene Hermanski;Gene;RF;Outfielder;RF
123518;Ted Turner;Ted;P;Pitcher;P
643410;Mark Leiter Jr.;Mark;P;Pitcher;P
124560;Gary Woods;Gary;CF;Outfielder;CF
115794;Roy Henshaw;Roy;P;Pitcher;P
114558;Oscar Gamble;Oscar;CF;Outfielder;OF
285131;Cesar Izturis;Cesar;SS;Shortstop;SS
124310;Cy Williams;Cy;LF;Outfielder;OF
150032;Roosevelt Brown;Roosevelt;LF;Outfielder;LF
121678;Scott Sanderson;Scott;P;Pitcher;P
111896;Dick Calmus;Dick;P;Pitcher;P
122573;Chris Speier;Chris;SS;Shortstop;SS
122327;Dwain Sloat;Dwain;P;Pitcher;P
545363;Jacob Turner;Jacob;P;Pitcher;P
123044;Bill Sweeney;Bill;2B;Second Base;2B
118570;Harry McChesney;Harry;RF;Outfielder;RF
115156;Denver Grigsby;Denver;RF;Outfielder;LF
110471;Gene Baker;Gene;2B;Second Base;2B
122084;Marty Shay;Marty;SS;Shortstop;2B
457122;Rocky Cherry;Rocky;P;Pitcher;P
117458;Don Landrum;Don;NULL;NULL;CF
116652;Roy Joiner;Roy;P;Pitcher;P
117070;Jerry Kindall;Jerry;SS;Shortstop;2B
407578;Mark Prior;Mark;P;Pitcher;P
434628;Jason Hammel;Jason;P;Pitcher;P
111774;John Burrows;John;P;Pitcher;P
118347;Morrie Martin;Morrie;P;Pitcher;P
120542;Charlie Pick;Charlie;2B;Second Base;2B
111791;Guy Bush;Guy;P;Pitcher;P
543734;Chris Rusin;Chris;P;Pitcher;P
115448;Ed Hanyzewski;Ed;P;Pitcher;P
459336;Billy Petrick;Billy;P;Pitcher;P
400136;Jason Smith;Jason;SS;Shortstop;2B
119785;Joe Niekro;Joe;P;Pitcher;P
120104;Johnny Ostrowski;Johnny;LF;Outfielder;LF
116564;Ben Johnson;Ben;P;Pitcher;P
117165;Johnny Klippstein;Johnny;P;Pitcher;P
466918;Manny Corpas;Manny;P;Pitcher;P
121437;Rolando Roomes;Rolando;NULL;NULL;LF
111637;Warren Brusstar;Warren;P;Pitcher;P
123093;Ted Tappe;Ted;RF;Outfielder;RF
547982;Leonys Martin;Leonys;CF;Outfielder;CF
115038;Hank Grampp;Hank;P;Pitcher;P
118589;George McConnell;George;P;Pitcher;P
114260;Cliff Floyd;Cliff;RF;Outfielder;LF
122471;Willie Smith;Willie;LF;Outfielder;LF
123872;Lee Walls;Lee;RF;Outfielder;RF
121629;Angel Salazar;Angel;SS;Shortstop;SS
121726;Carl Sawatski;Carl;NULL;NULL;C
111959;Chris Cannizzaro;Chris;C;Catcher;C
570489;Arismendy AlcĂˇntara;Arismendy;CF;Outfielder;CF
122691;Ray Starr;Ray;P;Pitcher;P
118472;Jakie May;Jakie;P;Pitcher;P
124587;Chuck Wortman;Chuck;2B;Second Base;SS
117601;Derrek Lee;Derrek;1B;First Base;1B
111243;Steve Boros;Steve;NULL;NULL;3B
117045;Pete Kilduff;Pete;2B;Second Base;2B
116519;Frank Jelincich;Frank;LF;Outfielder;LF
121354;Freddy Rodriguez;Freddy;P;Pitcher;P
122100;Jimmy Sheckard;Jimmy;LF;Outfielder;OF
119333;Jerry Morales;Jerry;CF;Outfielder;RF
120241;Roy Parmelee;Roy;P;Pitcher;P
124277;Bob Will;Bob;NULL;NULL;RF
117963;Peanuts Lowrey;Peanuts;CF;Outfielder;LF
115978;Gene Hiser;Gene;CF;Outfielder;LF
116358;Jeff Huson;Jeff;NULL;NULL;SS
324432;Augie Ojeda;Augie;3B;Third Base;SS
116102;Fred Holmes;Fred;C;Catcher;C
111867;Miguel Cairo;Miguel;2B;Second Base;2B
115884;Greg Hibbard;Greg;P;Pitcher;P
111462;Dan Briggs;Dan;NULL;NULL;1B
150020;Jerry Hairston;Jerry;CF;Outfielder;2B
120086;Tiny Osborne;Tiny;P;Pitcher;P
446381;Darwin Barney;Darwin;SS;Shortstop;2B
124045;Lefty Weinert;Lefty;P;Pitcher;P
451594;Deter Fowler;Deter;CF;Outfielder;CF
407930;Bobby Hill;Bobby;2B;Second Base;2B
116714;Percy Jones;Percy;P;Pitcher;P
123544;Mike Tyson;Mike;2B;Second Base;2B
115757;Elrod Hendricks;Elrod;C;Catcher;C
600869;Jeimer Candelario;Jeimer;1B;First Base;3B
123745;Otto Vogel;Otto;RF;Outfielder;OF
113374;Miguel Dilone;Miguel;NULL;NULL;LF
111668;Steve Buechele;Steve;3B;Third Base;3B
116251;Ken Hubbs;Ken;2B;Second Base;2B
115461;Ale Hardy;Ale;P;Pitcher;P
516770;Starlin Castro;Starlin;SS;Shortstop;SS
150031;Tarrik Brock;Tarrik;LF;Outfielder;LF
425768;Angel Guzman;Angel;P;Pitcher;P
455088;Blake DeWitt;Blake;2B;Second Base;2B
573127;Zac Rosscup;Zac;P;Pitcher;P
123940;Hooks Warner;Hooks;3B;Third Base;3B
115144;Mike Griffin;Mike;P;Pitcher;P
118824;Jimmy McMath;Jimmy;LF;Outfielder;LF
457384;Bobby Scales;Bobby;3B;Third Base;LF
592858;Rowan Wick;Rowan;P;Pitcher;P
624585;Jorge Soler;Jorge;LF;Outfielder;RF
120769;Ray Prim;Ray;P;Pitcher;P
119683;Cal Neeman;Cal;C;Catcher;C
471865;Carlos GonzĂˇlez;Carlos;RF;Outfielder;RF
120899;Bob Ramazzotti;Bob;SS;Shortstop;2B
624522;Keegan Thompson;Keegan;P;Pitcher;P
123371;Al Todd;Al;C;Catcher;C
119383;George Moriarty;George;3B;Third Base;3B
124425;Steve Wilson;Steve;P;Pitcher;P
122055;Red Shannon;Red;SS;Shortstop;2B
111495;Lou Brock;Lou;CF;Outfielder;LF
111663;Bill Buckner;Bill;1B;First Base;1B
116840;Matt Karchner;Matt;P;Pitcher;P
119825;Dickie Noles;Dickie;P;Pitcher;P
113658;Leon Durham;Leon;1B;First Base;1B
112979;Kiki Cuyler;Kiki;CF;Outfielder;RF
120213;Milt Pappas;Milt;P;Pitcher;P
119847;Ron Northey;Ron;RF;Outfielder;RF
518792;Jason Heyward;Jason;RF;Outfielder;RF
445599;Scott Moore;Scott;1B;First Base;3B
124675;James York;James;P;Pitcher;P
119376;Bobby Morgan;Bobby;2B;Second Base;2B
121558;Bob Rush;Bob;P;Pitcher;P
123072;Pat Tabler;Pat;2B;Second Base;1B
114944;Wilbur Good;Wilbur;CF;Outfielder;RF
121357;Henry Rodriguez;Henry;LF;Outfielder;LF
518852;Eric Jokisch;Eric;P;Pitcher;P
408310;Aaron Heilman;Aaron;P;Pitcher;P
111675;Bob Buhl;Bob;P;Pitcher;P
111055;Clarence Blair;Clarence;2B;Second Base;2B
663611;Nick Madrigal;Nick;3B;Third Base;3B
458677;Justin Wilson;Justin;P;Pitcher;P
150331;Josh Paul;Josh;C;Catcher;C
121902;Wayne Schurr;Wayne;P;Pitcher;P
116880;Walter Keating;Walter;SS;Shortstop;SS
666624;Christopher Morel;Christopher;DH;Designated Hitter;3B
136303;Jose Nieves;Jose;SS;Shortstop;SS
111603;Byron Browne;Byron;LF;Outfielder;LF
113301;Tom Dettore;Tom;P;Pitcher;P
606995;Justin Hancock;Justin;P;Pitcher;P
493128;Munenori Kawasaki;Munenori;2B;Second Base;2B
691718;Pete Crow-Armstrong;Pete;CF;Outfielder;CF
112408;Gene Clines;Gene;LF;Outfielder;LF
655889;Manuel RodrĂ­guez;Manuel;P;Pitcher;P
123912;Chris Ward;Chris;NULL;NULL;OF
124291;Brian Williams;Brian;P;Pitcher;P
595879;Javier Baez;Javier;3B;Third Base;SS
448857;Jose Ascanio;Jose;P;Pitcher;P
407862;Reed Johnson;Reed;CF;Outfielder;LF
150197;Jose Macias;Jose;NULL;NULL;3B
123146;Jack Taylor;Jack;P;Pitcher;P
113739;Tom Edens;Tom;P;Pitcher;P
112281;John Churry;John;C;Catcher;C
121980;Kurt Seibert;Kurt;NULL;NULL;2B
118642;Ed McDonald;Ed;3B;Third Base;3B
122779;Jimmy Stewart;Jimmy;NULL;NULL;LF
120274;Claude Passeau;Claude;P;Pitcher;P
119230;Bill Moisan;Bill;P;Pitcher;P
114911;Leo Gomez;Leo;3B;Third Base;3B
123617;Vito Valentinetti;Vito;P;Pitcher;P
119439;Paul Moskau;Paul;P;Pitcher;P
117291;Randy Kramer;Randy;P;Pitcher;P
113062;Doug Dascenzo;Doug;LF;Outfielder;CF
115417;Todd Haney;Todd;2B;Second Base;2B
120928;Merritt Ranew;Merritt;NULL;NULL;C
453186;Scott Maine;Scott;P;Pitcher;P
110346;Jim Asbell;Jim;LF;Outfielder;LF
115935;Glenallen Hill;Glenallen;NULL;NULL;RF
119511;Jerry Mumphrey;Jerry;LF;Outfielder;CF
120425;Harry Perkowski;Harry;P;Pitcher;P
112979;Kiki Cuyler;Kiki;LF;Outfielder;RF
621550;Patrick Wisdom;Patrick;3B;Third Base;1B
116832;John Kane;John;LF;Outfielder;CF
571521;Re Brothers;Re;P;Pitcher;P
117169;Joe Klugmann;Joe;2B;Second Base;2B
488751;Ale Burnett;Ale;P;Pitcher;P
123118;Julian Tavarez;Julian;P;Pitcher;P
121800;Hank Schenz;Hank;2B;Second Base;2B
430604;Roberto Novoa;Roberto;P;Pitcher;P
121288;Dave Robertson;Dave;CF;Outfielder;RF
605170;Victor Caratini;Victor;NULL;NULL;C
124185;Rondell White;Rondell;LF;Outfielder;LF
119627;Richie Myers;Richie;NULL;NULL;PH
123334;Bobby Tiefenauer;Bobby;P;Pitcher;P
120131;Ernie Ovitz;Ernie;P;Pitcher;P
623520;David Bote;David;3B;Third Base;3B
111673;Damon Buford;Damon;CF;Outfielder;CF
115907;Irv Higginbotham;Irv;P;Pitcher;P
122733;Rick Stelmaszek;Rick;C;Catcher;C
113062;Doug Dascenzo;Doug;CF;Outfielder;CF
519222;Austin Romine;Austin;C;Catcher;C
112003;Don Carlsen;Don;P;Pitcher;P
119128;Ward Miller;Ward;LF;Outfielder;LF
123213;Bob Tewksbury;Bob;P;Pitcher;P
121537;Ken Rudolph;Ken;C;Catcher;C
111513;Mandy Brooks;Mandy;CF;Outfielder;CF
118225;Gus Mancuso;Gus;C;Catcher;C
123308;Bobby Thomson;Bobby;CF;Outfielder;CF
112702;Red Corriden;Red;SS;Shortstop;SS
110823;George Bell;George;LF;Outfielder;LF
111985;Don Cardwell;Don;P;Pitcher;P
112274;Loyd Christopher;Loyd;LF;Outfielder;LF
111770;Ray Burris;Ray;P;Pitcher;P
124646;George Yantz;George;C;Catcher;C
123089;Chuck Tanner;Chuck;LF;Outfielder;LF
119632;Chris Nabholz;Chris;P;Pitcher;P
122680;Tom Stanton;Tom;C;Catcher;C
123374;Jim Todd;Jim;P;Pitcher;P
121861;Paul Schramka;Paul;LF;Outfielder;LF
136664;Michael Barrett;Michael;C;Catcher;C
501888;Ryan Kalish;Ryan;NULL;NULL;CF
123333;Dick Tidrow;Dick;P;Pitcher;P
114274;Gene Fodge;Gene;P;Pitcher;P
124084;Turk Wendell;Turk;P;Pitcher;P
110199;George Altman;George;CF;Outfielder;RF
114844;Doug Glanville;Doug;LF;Outfielder;CF
122857;Doug Strange;Doug;3B;Third Base;3B
113481;Brian Dorsett;Brian;C;Catcher;C
112447;Frank Coggins;Frank;NULL;NULL;2B
121879;Frank Schulte;Frank;LF;Outfielder;LF
120104;Johnny Ostrowski;Johnny;3B;Third Base;LF
116168;Tim Hosley;Tim;C;Catcher;C
122977;Champ Summers;Champ;NULL;NULL;RF
119378;Vern Morgan;Vern;3B;Third Base;3B
462940;Juan Mateo;Juan;P;Pitcher;P
571676;Seth Frankoff;Seth;P;Pitcher;P
120348;Jorge Pedre;Jorge;C;Catcher;C
122779;Jimmy Stewart;Jimmy;LF;Outfielder;LF
503351;Blake Lalli;Blake;C;Catcher;1B
110312;Ale Arias;Ale;SS;Shortstop;SS
110942;Dick Bertell;Dick;C;Catcher;C
112827;Chuck Crim;Chuck;P;Pitcher;P
600303;Tommy La Stella;Tommy;NULL;NULL;DH
115935;Glenallen Hill;Glenallen;CF;Outfielder;RF
118754;Harry McIntire;Harry;P;Pitcher;P
114971;Tom Gordon;Tom;P;Pitcher;P
113285;Paul Derringer;Paul;P;Pitcher;P
150035;Kyle Farnsworth;Kyle;P;Pitcher;P
122912;Bobby Sturgeon;Bobby;2B;Second Base;SS
670223;Matt Mervis;Matt;1B;First Base;1B
116115;Ken Holtzman;Ken;P;Pitcher;P
115578;Jeff Hartsock;Jeff;P;Pitcher;P
117748;Carlos Lezcano;Carlos;CF;Outfielder;CF
123507;Pete Turgeon;Pete;SS;Shortstop;SS
116874;Teddy Kearns;Teddy;1B;First Base;1B
119577;Tony Murray;Tony;CF;Outfielder;CF
124050;Butch Weis;Butch;RF;Outfielder;OF
113868;Al Epperly;Al;P;Pitcher;P
117518;Al Lary;Al;P;Pitcher;P
111705;Smoky Burgess;Smoky;C;Catcher;C
120391;Joe Pepitone;Joe;CF;Outfielder;1B
117509;Dave LaRoche;Dave;P;Pitcher;P
122759;Walter Stephenson;Walter;C;Catcher;C
425503;Freddie Bynum;Freddie;NULL;NULL;SS
110769;Heinz Becker;Heinz;1B;First Base;1B
459714;Buck Coats;Buck;NULL;NULL;CF
115415;Chris Haney;Chris;P;Pitcher;P
119867;Jose Antonio Nunez;Jose Antonio;P;Pitcher;P
117393;Ralph LaCock;Ralph;NULL;NULL;1B
110065;Mike Adams;Mike;NULL;NULL;LF
117280;Fabian Kowalik;Fabian;P;Pitcher;P
113282;Bob Dernier;Bob;CF;Outfielder;CF
474463;Brett Anderson;Brett;P;Pitcher;P
460072;Jason Berken;Jason;P;Pitcher;P
112444;Kevin Coffman;Kevin;P;Pitcher;P
114263;John Fluhrer;John;LF;Outfielder;LF
676724;Jared Young;Jared;1B;First Base;1B
502188;Jeff Samardzija;Jeff;P;Pitcher;P
488671;Ale Avila;Ale;C;Catcher;C
641684;Michael Hermosillo;Michael;CF;Outfielder;CF
407297;Juan Cruz;Juan;P;Pitcher;P
110199;George Altman;George;NULL;NULL;RF
120119;Billy Ott;Billy;NULL;NULL;RF
114227;Bill Fleming;Bill;P;Pitcher;P
114043;Vern Fear;Vern;P;Pitcher;P
640470;Adbert Alzolay;Adbert;P;Pitcher;P
111533;Brant Brown;Brant;CF;Outfielder;LF
122544;Sammy Sosa;Sammy;RF;Outfielder;RF
116207;Del Howard;Del;RF;Outfielder;1B
115348;Mel Hall;Mel;CF;Outfielder;LF
111251;Thad Bosley;Thad;NULL;NULL;LF
150034;Doug Creek;Doug;P;Pitcher;P
111261;Derek Botelho;Derek;P;Pitcher;P
120085;Donovan Osborne;Donovan;P;Pitcher;P
124268;Dean Wilkins;Dean;P;Pitcher;P
123654;Ike Van Zandt;Ike;CF;Outfielder;P
113726;Dennis Eckersley;Dennis;P;Pitcher;P
110853;Alan Benes;Alan;P;Pitcher;P
117793;Freddie Lindstrom;Freddie;CF;Outfielder;3B
150021;Darnell McDonald;Darnell;NULL;NULL;RF
123888;Tom Walsh;Tom;C;Catcher;C
116038;Solly Hofman;Solly;CF;Outfielder;CF
120866;Dick Radatz;Dick;P;Pitcher;P
116581;Don Johnson;Don;2B;Second Base;2B
456029;David Patton;David;P;Pitcher;P
111244;Joe Borowski;Joe;P;Pitcher;P
112228;Virgil Cheeves;Virgil;P;Pitcher;P
115301;Casey Hageman;Casey;P;Pitcher;P
430957;Brad Snyder;Brad;RF;Outfielder;1B
122983;Jim Sundberg;Jim;C;Catcher;C
594772;Jake Bucha;Jake;P;Pitcher;P
113614;Nick Dumovich;Nick;P;Pitcher;P
112522;Bill Collins;Bill;LF;Outfielder;LF
124388;Enrique Wilson;Enrique;NULL;NULL;2B
122533;Rudy Sommers;Rudy;P;Pitcher;P
121066;Laddie Renfroe;Laddie;P;Pitcher;P
542364;Rafael Ortega;Rafael;CF;Outfielder;CF
458690;Chris Volstad;Chris;P;Pitcher;P
592767;Drew Smyly;Drew;P;Pitcher;P
120993;Jeff Reed;Jeff;C;Catcher;C
113887;Dick Errickson;Dick;P;Pitcher;P
430917;Mike Fontenot;Mike;NULL;NULL;2B
120945;Tommy Raub;Tommy;C;Catcher;C
